insert into student (email) values ('kellcock0@trellian.com');
insert into student (email) values ('eburchett1@mozilla.com');
insert into student (email) values ('kmathieu2@miibeian.gov.cn');
insert into student (email) values ('aoven3@163.com');
insert into student (email) values ('kblankau4@indiegogo.com');
insert into student (email) values ('asandyfirth5@livejournal.com');
insert into student (email) values ('fshirer6@state.tx.us');
insert into student (email) values ('kshalloo7@usda.gov');
insert into student (email) values ('maustins8@wikimedia.org');
insert into student (email) values ('vmacilraith9@rediff.com');

insert into book (isbn, title, author) values ('718229515-6', 'Riverworld', 'Danie Osmond');
insert into book (isbn, title, author) values ('994203207-X', 'NATO''s Secret Armies (Gladio: L''esercito segreto della Nato)', 'Shellie Snazle');
insert into book (isbn, title, author) values ('597971252-6', 'Pretty/Handsome', 'Evyn Thirlwell');
insert into book (isbn, title, author) values ('081175910-5', 'Lake City', 'Wolf Nyssen');
insert into book (isbn, title, author) values ('276030421-3', 'Calendar Girl', 'Hermann Shegog');
insert into book (isbn, title, author) values ('066093023-4', 'Sam Peckinpah''s West: Legacy of a Hollywood Renegade', 'Lionel Cansdall');
insert into book (isbn, title, author) values ('166106603-8', 'Charlie''s Country', 'Henrie Heinzler');
insert into book (isbn, title, author) values ('032728936-8', 'Goldene Zeiten', 'Cortney Wennam');
insert into book (isbn, title, author) values ('693974864-4', 'Kummelin jackpot', 'Rafaelia Bollini');
insert into book (isbn, title, author) values ('823819572-1', 'You Can Count on Me', 'Reube Heyns');

delete from assignment;
insert into assignment (isbn, email) (select isbn, email from student, book where random() < 0.1);

CREATE TABLE IF NOT EXISTS factory (
	factory_name VARCHAR(50) NOT NULL PRIMARY KEY,
	address VARCHAR(50) NOT NULL,
	contact VARCHAR(50) NOT NULL
);

CREATE TABLE IF NOT EXISTS buyer (
	buyer_id VARCHAR(50) NOT NULL PRIMARY KEY,
	buyer_name VARCHAR(50) NOT NULL,
	address VARCHAR(50) NOT NULL,
	contact VARCHAR(50) NOT NULL
);

CREATE TABLE IF NOT EXISTS transportation (
	trans_mode VARCHAR(50) NOT NULL PRIMARY KEY,
	unit_cost INT NOT NULL,
	capacity INT NOT NULL
);

CREATE TABLE IF NOT EXISTS product (
	product_name VARCHAR(50) NOT NULL PRIMARY KEY,
	quantity INT NOT NULL,
	manufacture_date DATE NOT NULL,
	price DECIMAL(3,1) NOT NULL
);

CREATE TABLE IF NOT EXISTS order_info (
	order_id VARCHAR(40) NOT NULL PRIMARY KEY,
	factory_name VARCHAR(50) NOT NULL,
	buyer_id VARCHAR(50) NOT NULL,
	product_name VARCHAR(50) NOT NULL,
	trans_mode VARCHAR(50) NOT NULL,
	FOREIGN KEY (factory_name) REFERENCES factory(factory_name),
	FOREIGN KEY (buyer_id) REFERENCES buyer(buyer_id),
	FOREIGN KEY (product_name) REFERENCES product(product_name),
	FOREIGN KEY (trans_mode) REFERENCES transportation(trans_mode),
	quantity INT NOT NULL,
	order_time TIMESTAMP NOT NULL
);


insert into buyer (buyer_ID, buyer_name, address, contact) values ('88-043-5868', 'Demizz', '5 Straubel Circle', '341-223-7051');
insert into buyer (buyer_ID, buyer_name, address, contact) values ('97-594-3740', 'Brainsphere', '08374 Homewood Alley', '441-135-1633');
insert into buyer (buyer_ID, buyer_name, address, contact) values ('54-411-1467', 'Skimia', '019 Nobel Crossing', '950-275-0067');
insert into buyer (buyer_ID, buyer_name, address, contact) values ('77-639-8358', 'Devpoint', '419 Swallow Hill', '992-576-7488');
insert into buyer (buyer_ID, buyer_name, address, contact) values ('10-491-2446', 'Avavee', '44 Maple Wood Court', '682-357-2926');
insert into buyer (buyer_ID, buyer_name, address, contact) values ('07-455-6634', 'Twitterworks', '53 Stuart Road', '777-970-6256');
insert into buyer (buyer_ID, buyer_name, address, contact) values ('59-044-7580', 'Buzzshare', '69074 Monument Court', '841-367-0213');
insert into buyer (buyer_ID, buyer_name, address, contact) values ('30-000-1093', 'Nlounge', '1 Meadow Valley Hill', '336-478-2106');
insert into buyer (buyer_ID, buyer_name, address, contact) values ('57-347-6202', 'Riffpedia', '821 Upham Center', '352-605-0334');
insert into buyer (buyer_ID, buyer_name, address, contact) values ('05-531-1158', 'Yakijo', '8 Manley Pass', '426-423-8331');


insert into factory (factory_name, address, contact) values ('Douglas, Hoppe and Stark', '5772 Warner Point', '109-844-1431');
insert into factory (factory_name, address, contact) values ('Glover LLC', '1079 Dorton Circle', '674-330-6666');
insert into factory (factory_name, address, contact) values ('Kling Inc', '497 Waywood Terrace', '335-135-8280');
insert into factory (factory_name, address, contact) values ('Greenfelder LLC', '182 Oak Valley Lane', '665-862-6972');
insert into factory (factory_name, address, contact) values ('Rippin, Strosin and Champlin', '428 Iowa Park', '302-757-3270');
insert into factory (factory_name, address, contact) values ('Luettgen, Cremin and Bahringer', '6140 Jenna Road', '468-115-3210');
insert into factory (factory_name, address, contact) values ('Dibbert, Mitchell and Dooley', '50224 Kenwood Terrace', '184-908-5354');
insert into factory (factory_name, address, contact) values ('Weissnat, Bernhard and Kuhlman', '5 Kipling Circle', '501-916-5380');
insert into factory (factory_name, address, contact) values ('Kuhic-Ullrich', '1548 Warner Alley', '660-799-8365');
insert into factory (factory_name, address, contact) values ('Howell Group', '75 Independence Hill', '136-167-3104');


insert into transportation (trans_mode, unit_cost, capacity) values ('Truck', 20, 20);
insert into transportation (trans_mode, unit_cost, capacity) values ('Train', 5, 500);
insert into transportation (trans_mode, unit_cost, capacity) values ('Plane', 100, 3);
insert into transportation (trans_mode, unit_cost, capacity) values ('Ship', 1, 2000);


insert into product (product_name, quantity, manufacture_date, price) values ('Chocolate_Vanilla', 1000, '2022-10-10 08:41:07', 5.3);
insert into product (product_name, quantity, manufacture_date, price) values ('Chocolate_Almond', 500, '2022-08-07 06:02:48', 6.2);
insert into product (product_name, quantity, manufacture_date, price) values ('Chocolate_Strawberry', 1000, '2021-07-11 00:38:10', 6.1);
insert into product (product_name, quantity, manufacture_date, price) values ('Chocolate_Cinnamon', 800, '2021-05-08 04:14:29', 5.8);
insert into product (product_name, quantity, manufacture_date, price) values ('Chocolate_Cake', 750, '2022-07-25 00:11:16', 15.8);
insert into product (product_name, quantity, manufacture_date, price) values ('Chocolate_Milk', 600, '2022-06-04 11:50:12', 3.2);
insert into product (product_name, quantity, manufacture_date, price) values ('Chocolate_Spread', 300, '2022-10-15 15:27:55', 4.5);
insert into product (product_name, quantity, manufacture_date, price) values ('Chocolate_Dark', 1900, '2022-08-19 14:26:16', 5.2);
insert into product (product_name, quantity, manufacture_date, price) values ('Chocolate_White', 300, '2022-10-14 15:30:39', 4.9);


INSERT INTO order_info (order_id, factory_name, buyer_id, product_name, trans_mode, quantity, order_time) VALUES ('10225287', 'Kling Inc', '88-043-5868', 'Chocolate_Cake', 'Train', '119', '2022/02/20 11:53.000');
INSERT INTO order_info (order_id, factory_name, buyer_id, product_name, trans_mode, quantity, order_time) VALUES ('96809649', 'Greenfelder LLC', '10-491-2446', 'Chocolate_Vanilla', 'Train', '64', '2022/10/03 19:20.000');
INSERT INTO order_info (order_id, factory_name, buyer_id, product_name, trans_mode, quantity, order_time) VALUES ('12805728', 'Weissnat, Bernhard and Kuhlman', '59-044-7580', 'Chocolate_White', 'Truck', '116', '2021/10/09 05:05.000');
INSERT INTO order_info (order_id, factory_name, buyer_id, product_name, trans_mode, quantity, order_time) VALUES ('26662922', 'Kling Inc', '54-411-1467', 'Chocolate_Strawberry', 'Plane', '69', '2022/10/25 21:34.000');
INSERT INTO order_info (order_id, factory_name, buyer_id, product_name, trans_mode, quantity, order_time) VALUES ('86770846', 'Weissnat, Bernhard and Kuhlman', '57-347-6202', 'Chocolate_Cake', 'Train', '26', '2022/06/26 10:11.000');
INSERT INTO order_info (order_id, factory_name, buyer_id, product_name, trans_mode, quantity, order_time) VALUES ('96997074', 'Douglas, Hoppe and Stark', '57-347-6202', 'Chocolate_Milk', 'Ship', '53', '2022/05/21 15:04.000');
INSERT INTO order_info (order_id, factory_name, buyer_id, product_name, trans_mode, quantity, order_time) VALUES ('57126202', 'Howell Group', '97-594-3740', 'Chocolate_Spread', 'Plane', '16', '2022/04/21 06:09.000');
INSERT INTO order_info (order_id, factory_name, buyer_id, product_name, trans_mode, quantity, order_time) VALUES ('00741377', 'Rippin, Strosin and Champlin', '54-411-1467', 'Chocolate_Spread', 'Train', '130', '2022/09/26 20:49.000');
INSERT INTO order_info (order_id, factory_name, buyer_id, product_name, trans_mode, quantity, order_time) VALUES ('89811987', 'Kuhic-Ullrich', '88-043-5868', 'Chocolate_Dark', 'Train', '69', '2022/07/24 11:39.000');
INSERT INTO order_info (order_id, factory_name, buyer_id, product_name, trans_mode, quantity, order_time) VALUES ('59303746', 'Weissnat, Bernhard and Kuhlman', '30-000-1093', 'Chocolate_Dark', 'Plane', '129', '2022/03/01 13:11.000');
INSERT INTO order_info (order_id, factory_name, buyer_id, product_name, trans_mode, quantity, order_time) VALUES ('34484122', 'Kuhic-Ullrich', '54-411-1467', 'Chocolate_White', 'Plane', '152', '2022/02/09 09:23.000');
INSERT INTO order_info (order_id, factory_name, buyer_id, product_name, trans_mode, quantity, order_time) VALUES ('49747105', 'Rippin, Strosin and Champlin', '59-044-7580', 'Chocolate_Cinnamon', 'Train', '133', '2022/08/07 14:04.000');
INSERT INTO order_info (order_id, factory_name, buyer_id, product_name, trans_mode, quantity, order_time) VALUES ('38876959', 'Rippin, Strosin and Champlin', '88-043-5868', 'Chocolate_Vanilla', 'Ship', '62', '2022/01/05 13:33.000');
INSERT INTO order_info (order_id, factory_name, buyer_id, product_name, trans_mode, quantity, order_time) VALUES ('93845314', 'Glover LLC', '97-594-3740', 'Chocolate_Vanilla', 'Truck', '30', '2021/11/03 13:50.000');
INSERT INTO order_info (order_id, factory_name, buyer_id, product_name, trans_mode, quantity, order_time) VALUES ('93993795', 'Greenfelder LLC', '57-347-6202', 'Chocolate_Cinnamon', 'Train', '43', '2021/11/03 17:00.000');
INSERT INTO order_info (order_id, factory_name, buyer_id, product_name, trans_mode, quantity, order_time) VALUES ('81042196', 'Weissnat, Bernhard and Kuhlman', '59-044-7580', 'Chocolate_Dark', 'Ship', '197', '2022/07/25 07:33.000');
INSERT INTO order_info (order_id, factory_name, buyer_id, product_name, trans_mode, quantity, order_time) VALUES ('54751358', 'Greenfelder LLC', '77-639-8358', 'Chocolate_White', 'Ship', '164', '2022/09/18 20:41.000');
INSERT INTO order_info (order_id, factory_name, buyer_id, product_name, trans_mode, quantity, order_time) VALUES ('39461764', 'Howell Group', '07-455-6634', 'Chocolate_Strawberry', 'Plane', '9', '2022/02/21 18:19.000');
INSERT INTO order_info (order_id, factory_name, buyer_id, product_name, trans_mode, quantity, order_time) VALUES ('23917620', 'Luettgen, Cremin and Bahringer', '10-491-2446', 'Chocolate_Spread', 'Plane', '129', '2022/04/18 01:07.000');
INSERT INTO order_info (order_id, factory_name, buyer_id, product_name, trans_mode, quantity, order_time) VALUES ('42184832', 'Glover LLC', '97-594-3740', 'Chocolate_Milk', 'Ship', '13', '2021/11/17 13:09.000');
INSERT INTO order_info (order_id, factory_name, buyer_id, product_name, trans_mode, quantity, order_time) VALUES ('34402241', 'Dibbert, Mitchell and Dooley', '88-043-5868', 'Chocolate_White', 'Plane', '88', '2021/11/06 08:48.000');
INSERT INTO order_info (order_id, factory_name, buyer_id, product_name, trans_mode, quantity, order_time) VALUES ('60495922', 'Greenfelder LLC', '30-000-1093', 'Chocolate_Cake', 'Ship', '54', '2022/01/21 05:43.000');
INSERT INTO order_info (order_id, factory_name, buyer_id, product_name, trans_mode, quantity, order_time) VALUES ('09378075', 'Howell Group', '07-455-6634', 'Chocolate_Milk', 'Train', '48', '2021/12/18 09:24.000');
INSERT INTO order_info (order_id, factory_name, buyer_id, product_name, trans_mode, quantity, order_time) VALUES ('01936729', 'Dibbert, Mitchell and Dooley', '59-044-7580', 'Chocolate_Milk', 'Ship', '77', '2022/07/26 09:29.000');
INSERT INTO order_info (order_id, factory_name, buyer_id, product_name, trans_mode, quantity, order_time) VALUES ('46083073', 'Dibbert, Mitchell and Dooley', '97-594-3740', 'Chocolate_White', 'Ship', '170', '2022/02/13 08:47.000');
INSERT INTO order_info (order_id, factory_name, buyer_id, product_name, trans_mode, quantity, order_time) VALUES ('19880615', 'Howell Group', '54-411-1467', 'Chocolate_Strawberry', 'Plane', '42', '2022/03/03 01:31.000');
INSERT INTO order_info (order_id, factory_name, buyer_id, product_name, trans_mode, quantity, order_time) VALUES ('85992997', 'Howell Group', '07-455-6634', 'Chocolate_Spread', 'Ship', '45', '2022/08/09 20:25.000');
INSERT INTO order_info (order_id, factory_name, buyer_id, product_name, trans_mode, quantity, order_time) VALUES ('16656278', 'Glover LLC', '07-455-6634', 'Chocolate_Vanilla', 'Train', '103', '2022/02/09 14:48.000');
INSERT INTO order_info (order_id, factory_name, buyer_id, product_name, trans_mode, quantity, order_time) VALUES ('82890738', 'Douglas, Hoppe and Stark', '07-455-6634', 'Chocolate_White', 'Plane', '94', '2022/03/29 16:56.000');
INSERT INTO order_info (order_id, factory_name, buyer_id, product_name, trans_mode, quantity, order_time) VALUES ('30200069', 'Howell Group', '88-043-5868', 'Chocolate_White', 'Plane', '137', '2022/07/06 03:31.000');
INSERT INTO order_info (order_id, factory_name, buyer_id, product_name, trans_mode, quantity, order_time) VALUES ('93383808', 'Luettgen, Cremin and Bahringer', '59-044-7580', 'Chocolate_Spread', 'Truck', '136', '2021/10/19 23:04.000');
INSERT INTO order_info (order_id, factory_name, buyer_id, product_name, trans_mode, quantity, order_time) VALUES ('29601249', 'Howell Group', '88-043-5868', 'Chocolate_White', 'Train', '8', '2021/11/02 09:06.000');
INSERT INTO order_info (order_id, factory_name, buyer_id, product_name, trans_mode, quantity, order_time) VALUES ('91134590', 'Rippin, Strosin and Champlin', '97-594-3740', 'Chocolate_Cake', 'Train', '198', '2021/11/24 22:12.000');
INSERT INTO order_info (order_id, factory_name, buyer_id, product_name, trans_mode, quantity, order_time) VALUES ('39988133', 'Kling Inc', '10-491-2446', 'Chocolate_Almond', 'Ship', '122', '2022/09/19 04:59.000');
INSERT INTO order_info (order_id, factory_name, buyer_id, product_name, trans_mode, quantity, order_time) VALUES ('84492078', 'Greenfelder LLC', '07-455-6634', 'Chocolate_Spread', 'Truck', '76', '2021/12/07 22:13.000');
INSERT INTO order_info (order_id, factory_name, buyer_id, product_name, trans_mode, quantity, order_time) VALUES ('57516618', 'Greenfelder LLC', '57-347-6202', 'Chocolate_Milk', 'Truck', '19', '2021/12/22 23:55.000');
INSERT INTO order_info (order_id, factory_name, buyer_id, product_name, trans_mode, quantity, order_time) VALUES ('65598891', 'Glover LLC', '10-491-2446', 'Chocolate_Strawberry', 'Truck', '52', '2022/03/04 00:52.000');
INSERT INTO order_info (order_id, factory_name, buyer_id, product_name, trans_mode, quantity, order_time) VALUES ('52677213', 'Glover LLC', '97-594-3740', 'Chocolate_White', 'Ship', '153', '2022/10/09 16:02.000');
INSERT INTO order_info (order_id, factory_name, buyer_id, product_name, trans_mode, quantity, order_time) VALUES ('52641862', 'Howell Group', '54-411-1467', 'Chocolate_White', 'Truck', '6', '2022/01/13 12:02.000');
INSERT INTO order_info (order_id, factory_name, buyer_id, product_name, trans_mode, quantity, order_time) VALUES ('76041690', 'Howell Group', '59-044-7580', 'Chocolate_Spread', 'Plane', '12', '2021/10/13 19:09.000');
INSERT INTO order_info (order_id, factory_name, buyer_id, product_name, trans_mode, quantity, order_time) VALUES ('92622166', 'Luettgen, Cremin and Bahringer', '10-491-2446', 'Chocolate_Cake', 'Train', '147', '2021/10/27 19:02.000');
INSERT INTO order_info (order_id, factory_name, buyer_id, product_name, trans_mode, quantity, order_time) VALUES ('73888839', 'Howell Group', '57-347-6202', 'Chocolate_Spread', 'Ship', '116', '2022/03/26 09:13.000');
INSERT INTO order_info (order_id, factory_name, buyer_id, product_name, trans_mode, quantity, order_time) VALUES ('66737856', 'Glover LLC', '30-000-1093', 'Chocolate_Almond', 'Ship', '64', '2022/07/02 16:22.000');
INSERT INTO order_info (order_id, factory_name, buyer_id, product_name, trans_mode, quantity, order_time) VALUES ('13834751', 'Kling Inc', '97-594-3740', 'Chocolate_Dark', 'Plane', '151', '2022/05/01 15:37.000');
INSERT INTO order_info (order_id, factory_name, buyer_id, product_name, trans_mode, quantity, order_time) VALUES ('21353065', 'Glover LLC', '57-347-6202', 'Chocolate_Vanilla', 'Train', '10', '2022/06/06 12:51.000');
INSERT INTO order_info (order_id, factory_name, buyer_id, product_name, trans_mode, quantity, order_time) VALUES ('42848802', 'Luettgen, Cremin and Bahringer', '30-000-1093', 'Chocolate_Spread', 'Train', '160', '2022/09/21 19:30.000');
INSERT INTO order_info (order_id, factory_name, buyer_id, product_name, trans_mode, quantity, order_time) VALUES ('90355027', 'Greenfelder LLC', '97-594-3740', 'Chocolate_Cinnamon', 'Ship', '86', '2021/12/23 07:52.000');
INSERT INTO order_info (order_id, factory_name, buyer_id, product_name, trans_mode, quantity, order_time) VALUES ('26085488', 'Greenfelder LLC', '10-491-2446', 'Chocolate_Cake', 'Train', '73', '2021/10/04 22:10.000');
INSERT INTO order_info (order_id, factory_name, buyer_id, product_name, trans_mode, quantity, order_time) VALUES ('75253620', 'Howell Group', '59-044-7580', 'Chocolate_Vanilla', 'Plane', '183', '2022/08/24 09:32.000');
INSERT INTO order_info (order_id, factory_name, buyer_id, product_name, trans_mode, quantity, order_time) VALUES ('35832881', 'Weissnat, Bernhard and Kuhlman', '88-043-5868', 'Chocolate_Almond', 'Truck', '45', '2022/07/23 18:30.000');
INSERT INTO order_info (order_id, factory_name, buyer_id, product_name, trans_mode, quantity, order_time) VALUES ('61001762', 'Howell Group', '05-531-1158', 'Chocolate_White', 'Train', '21', '2022/06/25 11:56.000');
INSERT INTO order_info (order_id, factory_name, buyer_id, product_name, trans_mode, quantity, order_time) VALUES ('63667556', 'Kling Inc', '77-639-8358', 'Chocolate_Cake', 'Plane', '158', '2021/11/19 20:28.000');
INSERT INTO order_info (order_id, factory_name, buyer_id, product_name, trans_mode, quantity, order_time) VALUES ('82886754', 'Douglas, Hoppe and Stark', '88-043-5868', 'Chocolate_Milk', 'Ship', '8', '2022/09/10 04:22.000');
INSERT INTO order_info (order_id, factory_name, buyer_id, product_name, trans_mode, quantity, order_time) VALUES ('53228230', 'Luettgen, Cremin and Bahringer', '54-411-1467', 'Chocolate_Milk', 'Ship', '106', '2022/10/12 20:35.000');
INSERT INTO order_info (order_id, factory_name, buyer_id, product_name, trans_mode, quantity, order_time) VALUES ('16064072', 'Dibbert, Mitchell and Dooley', '05-531-1158', 'Chocolate_Cinnamon', 'Ship', '95', '2022/01/16 23:59.000');
INSERT INTO order_info (order_id, factory_name, buyer_id, product_name, trans_mode, quantity, order_time) VALUES ('82555829', 'Greenfelder LLC', '30-000-1093', 'Chocolate_Dark', 'Train', '92', '2022/08/13 18:41.000');
INSERT INTO order_info (order_id, factory_name, buyer_id, product_name, trans_mode, quantity, order_time) VALUES ('12277959', 'Rippin, Strosin and Champlin', '30-000-1093', 'Chocolate_Strawberry', 'Truck', '101', '2022/05/25 04:27.000');
INSERT INTO order_info (order_id, factory_name, buyer_id, product_name, trans_mode, quantity, order_time) VALUES ('53675368', 'Glover LLC', '54-411-1467', 'Chocolate_Spread', 'Plane', '60', '2022/03/04 02:00.000');
INSERT INTO order_info (order_id, factory_name, buyer_id, product_name, trans_mode, quantity, order_time) VALUES ('93335556', 'Rippin, Strosin and Champlin', '97-594-3740', 'Chocolate_White', 'Ship', '67', '2021/11/01 00:03.000');
INSERT INTO order_info (order_id, factory_name, buyer_id, product_name, trans_mode, quantity, order_time) VALUES ('38159350', 'Greenfelder LLC', '59-044-7580', 'Chocolate_Cake', 'Train', '134', '2021/12/25 17:03.000');
INSERT INTO order_info (order_id, factory_name, buyer_id, product_name, trans_mode, quantity, order_time) VALUES ('62589625', 'Kling Inc', '77-639-8358', 'Chocolate_Milk', 'Truck', '162', '2021/11/09 16:18.000');
INSERT INTO order_info (order_id, factory_name, buyer_id, product_name, trans_mode, quantity, order_time) VALUES ('54773374', 'Howell Group', '77-639-8358', 'Chocolate_Vanilla', 'Plane', '23', '2021/12/15 22:29.000');
INSERT INTO order_info (order_id, factory_name, buyer_id, product_name, trans_mode, quantity, order_time) VALUES ('75954300', 'Douglas, Hoppe and Stark', '10-491-2446', 'Chocolate_White', 'Plane', '172', '2022/08/26 10:46.000');
INSERT INTO order_info (order_id, factory_name, buyer_id, product_name, trans_mode, quantity, order_time) VALUES ('47651122', 'Douglas, Hoppe and Stark', '59-044-7580', 'Chocolate_Strawberry', 'Truck', '93', '2022/05/29 20:21.000');
INSERT INTO order_info (order_id, factory_name, buyer_id, product_name, trans_mode, quantity, order_time) VALUES ('15922371', 'Howell Group', '30-000-1093', 'Chocolate_White', 'Plane', '4', '2022/03/29 11:59.000');
INSERT INTO order_info (order_id, factory_name, buyer_id, product_name, trans_mode, quantity, order_time) VALUES ('55944866', 'Luettgen, Cremin and Bahringer', '97-594-3740', 'Chocolate_Strawberry', 'Truck', '122', '2022/02/25 05:54.000');
INSERT INTO order_info (order_id, factory_name, buyer_id, product_name, trans_mode, quantity, order_time) VALUES ('02816504', 'Rippin, Strosin and Champlin', '59-044-7580', 'Chocolate_Strawberry', 'Ship', '176', '2022/10/25 10:37.000');
INSERT INTO order_info (order_id, factory_name, buyer_id, product_name, trans_mode, quantity, order_time) VALUES ('84719303', 'Kuhic-Ullrich', '59-044-7580', 'Chocolate_Cinnamon', 'Ship', '165', '2021/11/14 20:40.000');
INSERT INTO order_info (order_id, factory_name, buyer_id, product_name, trans_mode, quantity, order_time) VALUES ('28473106', 'Kling Inc', '10-491-2446', 'Chocolate_Cake', 'Train', '159', '2022/03/10 08:18.000');
INSERT INTO order_info (order_id, factory_name, buyer_id, product_name, trans_mode, quantity, order_time) VALUES ('31619324', 'Dibbert, Mitchell and Dooley', '54-411-1467', 'Chocolate_Strawberry', 'Train', '53', '2022/02/13 20:28.000');
INSERT INTO order_info (order_id, factory_name, buyer_id, product_name, trans_mode, quantity, order_time) VALUES ('17389567', 'Greenfelder LLC', '10-491-2446', 'Chocolate_Spread', 'Train', '79', '2022/01/25 19:46.000');
INSERT INTO order_info (order_id, factory_name, buyer_id, product_name, trans_mode, quantity, order_time) VALUES ('05462465', 'Howell Group', '10-491-2446', 'Chocolate_Cake', 'Ship', '167', '2022/07/26 12:53.000');
INSERT INTO order_info (order_id, factory_name, buyer_id, product_name, trans_mode, quantity, order_time) VALUES ('86883828', 'Kuhic-Ullrich', '07-455-6634', 'Chocolate_White', 'Plane', '194', '2021/11/27 13:29.000');
INSERT INTO order_info (order_id, factory_name, buyer_id, product_name, trans_mode, quantity, order_time) VALUES ('83244027', 'Luettgen, Cremin and Bahringer', '30-000-1093', 'Chocolate_Milk', 'Train', '101', '2022/01/03 08:21.000');
INSERT INTO order_info (order_id, factory_name, buyer_id, product_name, trans_mode, quantity, order_time) VALUES ('39968644', 'Douglas, Hoppe and Stark', '57-347-6202', 'Chocolate_Almond', 'Plane', '127', '2022/06/22 09:35.000');
INSERT INTO order_info (order_id, factory_name, buyer_id, product_name, trans_mode, quantity, order_time) VALUES ('40338203', 'Douglas, Hoppe and Stark', '10-491-2446', 'Chocolate_Milk', 'Truck', '41', '2021/11/10 08:25.000');
INSERT INTO order_info (order_id, factory_name, buyer_id, product_name, trans_mode, quantity, order_time) VALUES ('32136223', 'Dibbert, Mitchell and Dooley', '07-455-6634', 'Chocolate_Cinnamon', 'Ship', '89', '2022/07/16 21:44.000');
INSERT INTO order_info (order_id, factory_name, buyer_id, product_name, trans_mode, quantity, order_time) VALUES ('36834282', 'Glover LLC', '88-043-5868', 'Chocolate_Spread', 'Ship', '188', '2022/08/31 14:34.000');
INSERT INTO order_info (order_id, factory_name, buyer_id, product_name, trans_mode, quantity, order_time) VALUES ('69603013', 'Douglas, Hoppe and Stark', '77-639-8358', 'Chocolate_Vanilla', 'Train', '193', '2022/05/15 04:21.000');
INSERT INTO order_info (order_id, factory_name, buyer_id, product_name, trans_mode, quantity, order_time) VALUES ('94580637', 'Rippin, Strosin and Champlin', '59-044-7580', 'Chocolate_Spread', 'Train', '79', '2022/10/17 02:21.000');
INSERT INTO order_info (order_id, factory_name, buyer_id, product_name, trans_mode, quantity, order_time) VALUES ('70774210', 'Kuhic-Ullrich', '57-347-6202', 'Chocolate_White', 'Train', '195', '2022/10/12 21:49.000');
INSERT INTO order_info (order_id, factory_name, buyer_id, product_name, trans_mode, quantity, order_time) VALUES ('48508596', 'Dibbert, Mitchell and Dooley', '59-044-7580', 'Chocolate_Dark', 'Truck', '38', '2022/08/11 15:06.000');
INSERT INTO order_info (order_id, factory_name, buyer_id, product_name, trans_mode, quantity, order_time) VALUES ('58708070', 'Rippin, Strosin and Champlin', '77-639-8358', 'Chocolate_Cake', 'Plane', '97', '2021/10/24 22:50.000');
INSERT INTO order_info (order_id, factory_name, buyer_id, product_name, trans_mode, quantity, order_time) VALUES ('96736027', 'Rippin, Strosin and Champlin', '10-491-2446', 'Chocolate_White', 'Train', '92', '2022/06/28 05:49.000');
INSERT INTO order_info (order_id, factory_name, buyer_id, product_name, trans_mode, quantity, order_time) VALUES ('06747301', 'Luettgen, Cremin and Bahringer', '54-411-1467', 'Chocolate_Cake', 'Truck', '82', '2022/07/14 19:57.000');
INSERT INTO order_info (order_id, factory_name, buyer_id, product_name, trans_mode, quantity, order_time) VALUES ('73195377', 'Glover LLC', '77-639-8358', 'Chocolate_Spread', 'Train', '103', '2022/03/06 10:58.000');
INSERT INTO order_info (order_id, factory_name, buyer_id, product_name, trans_mode, quantity, order_time) VALUES ('66187568', 'Douglas, Hoppe and Stark', '57-347-6202', 'Chocolate_Vanilla', 'Train', '115', '2022/10/20 21:10.000');
INSERT INTO order_info (order_id, factory_name, buyer_id, product_name, trans_mode, quantity, order_time) VALUES ('77132738', 'Howell Group', '57-347-6202', 'Chocolate_Strawberry', 'Plane', '99', '2022/02/17 22:16.000');
INSERT INTO order_info (order_id, factory_name, buyer_id, product_name, trans_mode, quantity, order_time) VALUES ('28846557', 'Kling Inc', '10-491-2446', 'Chocolate_Vanilla', 'Train', '176', '2022/03/18 15:11.000');
INSERT INTO order_info (order_id, factory_name, buyer_id, product_name, trans_mode, quantity, order_time) VALUES ('15818851', 'Douglas, Hoppe and Stark', '10-491-2446', 'Chocolate_Strawberry', 'Plane', '88', '2022/05/15 19:19.000');
INSERT INTO order_info (order_id, factory_name, buyer_id, product_name, trans_mode, quantity, order_time) VALUES ('88536108', 'Howell Group', '57-347-6202', 'Chocolate_Milk', 'Train', '54', '2022/03/08 22:38.000');
INSERT INTO order_info (order_id, factory_name, buyer_id, product_name, trans_mode, quantity, order_time) VALUES ('34545643', 'Luettgen, Cremin and Bahringer', '59-044-7580', 'Chocolate_White', 'Ship', '150', '2022/06/04 04:33.000');
INSERT INTO order_info (order_id, factory_name, buyer_id, product_name, trans_mode, quantity, order_time) VALUES ('26881549', 'Dibbert, Mitchell and Dooley', '10-491-2446', 'Chocolate_Milk', 'Train', '196', '2022/02/15 03:24.000');
INSERT INTO order_info (order_id, factory_name, buyer_id, product_name, trans_mode, quantity, order_time) VALUES ('61838911', 'Kling Inc', '07-455-6634', 'Chocolate_White', 'Plane', '46', '2022/07/16 17:35.000');
INSERT INTO order_info (order_id, factory_name, buyer_id, product_name, trans_mode, quantity, order_time) VALUES ('33466072', 'Douglas, Hoppe and Stark', '97-594-3740', 'Chocolate_Cinnamon', 'Train', '36', '2022/09/21 04:05.000');
INSERT INTO order_info (order_id, factory_name, buyer_id, product_name, trans_mode, quantity, order_time) VALUES ('44318026', 'Howell Group', '30-000-1093', 'Chocolate_Spread', 'Ship', '134', '2022/09/30 00:05.000');
INSERT INTO order_info (order_id, factory_name, buyer_id, product_name, trans_mode, quantity, order_time) VALUES ('40372553', 'Glover LLC', '88-043-5868', 'Chocolate_Spread', 'Truck', '128', '2022/04/21 00:52.000');
INSERT INTO order_info (order_id, factory_name, buyer_id, product_name, trans_mode, quantity, order_time) VALUES ('89936114', 'Weissnat, Bernhard and Kuhlman', '88-043-5868', 'Chocolate_White', 'Train', '63', '2021/12/28 08:36.000');
INSERT INTO order_info (order_id, factory_name, buyer_id, product_name, trans_mode, quantity, order_time) VALUES ('36844056', 'Kuhic-Ullrich', '97-594-3740', 'Chocolate_Spread', 'Ship', '198', '2021/11/10 12:00.000');
INSERT INTO order_info (order_id, factory_name, buyer_id, product_name, trans_mode, quantity, order_time) VALUES ('43668429', 'Weissnat, Bernhard and Kuhlman', '07-455-6634', 'Chocolate_Milk', 'Plane', '90', '2021/12/30 19:00.000');
INSERT INTO order_info (order_id, factory_name, buyer_id, product_name, trans_mode, quantity, order_time) VALUES ('44618186', 'Weissnat, Bernhard and Kuhlman', '30-000-1093', 'Chocolate_Cinnamon', 'Ship', '173', '2022/05/24 01:03.000');
INSERT INTO order_info (order_id, factory_name, buyer_id, product_name, trans_mode, quantity, order_time) VALUES ('25091556', 'Dibbert, Mitchell and Dooley', '77-639-8358', 'Chocolate_Almond', 'Plane', '5', '2021/10/18 21:03.000');
INSERT INTO order_info (order_id, factory_name, buyer_id, product_name, trans_mode, quantity, order_time) VALUES ('08442181', 'Howell Group', '57-347-6202', 'Chocolate_Vanilla', 'Ship', '139', '2021/10/19 18:06.000');
INSERT INTO order_info (order_id, factory_name, buyer_id, product_name, trans_mode, quantity, order_time) VALUES ('51857326', 'Greenfelder LLC', '59-044-7580', 'Chocolate_Vanilla', 'Ship', '132', '2022/09/16 04:50.000');
INSERT INTO order_info (order_id, factory_name, buyer_id, product_name, trans_mode, quantity, order_time) VALUES ('07736900', 'Douglas, Hoppe and Stark', '54-411-1467', 'Chocolate_Vanilla', 'Plane', '81', '2021/11/04 08:05.000');
INSERT INTO order_info (order_id, factory_name, buyer_id, product_name, trans_mode, quantity, order_time) VALUES ('07348538', 'Rippin, Strosin and Champlin', '54-411-1467', 'Chocolate_Dark', 'Ship', '71', '2022/04/23 11:57.000');
INSERT INTO order_info (order_id, factory_name, buyer_id, product_name, trans_mode, quantity, order_time) VALUES ('11850900', 'Weissnat, Bernhard and Kuhlman', '54-411-1467', 'Chocolate_Vanilla', 'Truck', '46', '2021/12/18 11:29.000');
INSERT INTO order_info (order_id, factory_name, buyer_id, product_name, trans_mode, quantity, order_time) VALUES ('03736430', 'Glover LLC', '05-531-1158', 'Chocolate_Milk', 'Plane', '182', '2022/08/28 13:48.000');
INSERT INTO order_info (order_id, factory_name, buyer_id, product_name, trans_mode, quantity, order_time) VALUES ('78778800', 'Rippin, Strosin and Champlin', '05-531-1158', 'Chocolate_Strawberry', 'Plane', '134', '2021/12/15 16:56.000');
INSERT INTO order_info (order_id, factory_name, buyer_id, product_name, trans_mode, quantity, order_time) VALUES ('20253145', 'Douglas, Hoppe and Stark', '88-043-5868', 'Chocolate_Vanilla', 'Ship', '62', '2022/08/26 19:11.000');
INSERT INTO order_info (order_id, factory_name, buyer_id, product_name, trans_mode, quantity, order_time) VALUES ('67770884', 'Dibbert, Mitchell and Dooley', '10-491-2446', 'Chocolate_Milk', 'Ship', '4', '2021/12/19 01:12.000');
INSERT INTO order_info (order_id, factory_name, buyer_id, product_name, trans_mode, quantity, order_time) VALUES ('13213720', 'Luettgen, Cremin and Bahringer', '07-455-6634', 'Chocolate_Cake', 'Train', '195', '2022/04/02 11:37.000');
INSERT INTO order_info (order_id, factory_name, buyer_id, product_name, trans_mode, quantity, order_time) VALUES ('09434104', 'Greenfelder LLC', '07-455-6634', 'Chocolate_Strawberry', 'Train', '33', '2022/04/22 02:35.000');
INSERT INTO order_info (order_id, factory_name, buyer_id, product_name, trans_mode, quantity, order_time) VALUES ('21738431', 'Greenfelder LLC', '54-411-1467', 'Chocolate_Cake', 'Plane', '23', '2022/02/05 19:24.000');
INSERT INTO order_info (order_id, factory_name, buyer_id, product_name, trans_mode, quantity, order_time) VALUES ('54607893', 'Howell Group', '97-594-3740', 'Chocolate_Cake', 'Train', '85', '2022/04/26 21:37.000');
INSERT INTO order_info (order_id, factory_name, buyer_id, product_name, trans_mode, quantity, order_time) VALUES ('06992502', 'Kling Inc', '05-531-1158', 'Chocolate_Spread', 'Plane', '159', '2022/05/06 08:29.000');
INSERT INTO order_info (order_id, factory_name, buyer_id, product_name, trans_mode, quantity, order_time) VALUES ('57117480', 'Rippin, Strosin and Champlin', '05-531-1158', 'Chocolate_Spread', 'Ship', '18', '2022/07/01 15:57.000');
INSERT INTO order_info (order_id, factory_name, buyer_id, product_name, trans_mode, quantity, order_time) VALUES ('09545409', 'Dibbert, Mitchell and Dooley', '07-455-6634', 'Chocolate_Cake', 'Train', '5', '2022/07/13 04:32.000');
INSERT INTO order_info (order_id, factory_name, buyer_id, product_name, trans_mode, quantity, order_time) VALUES ('76951997', 'Weissnat, Bernhard and Kuhlman', '57-347-6202', 'Chocolate_Dark', 'Plane', '180', '2022/07/21 04:57.000');
INSERT INTO order_info (order_id, factory_name, buyer_id, product_name, trans_mode, quantity, order_time) VALUES ('69896209', 'Howell Group', '97-594-3740', 'Chocolate_Strawberry', 'Truck', '18', '2021/11/26 12:14.000');
INSERT INTO order_info (order_id, factory_name, buyer_id, product_name, trans_mode, quantity, order_time) VALUES ('84541161', 'Glover LLC', '59-044-7580', 'Chocolate_Milk', 'Truck', '175', '2022/10/20 11:20.000');
INSERT INTO order_info (order_id, factory_name, buyer_id, product_name, trans_mode, quantity, order_time) VALUES ('16843380', 'Dibbert, Mitchell and Dooley', '77-639-8358', 'Chocolate_Vanilla', 'Train', '95', '2021/12/12 03:37.000');
INSERT INTO order_info (order_id, factory_name, buyer_id, product_name, trans_mode, quantity, order_time) VALUES ('34264539', 'Kling Inc', '59-044-7580', 'Chocolate_Milk', 'Ship', '50', '2021/11/27 14:07.000');
INSERT INTO order_info (order_id, factory_name, buyer_id, product_name, trans_mode, quantity, order_time) VALUES ('33069109', 'Kling Inc', '97-594-3740', 'Chocolate_Cake', 'Truck', '184', '2022/08/06 17:08.000');
INSERT INTO order_info (order_id, factory_name, buyer_id, product_name, trans_mode, quantity, order_time) VALUES ('93775887', 'Rippin, Strosin and Champlin', '07-455-6634', 'Chocolate_Almond', 'Ship', '152', '2021/11/23 15:46.000');
INSERT INTO order_info (order_id, factory_name, buyer_id, product_name, trans_mode, quantity, order_time) VALUES ('68260299', 'Dibbert, Mitchell and Dooley', '57-347-6202', 'Chocolate_Spread', 'Truck', '136', '2022/03/27 22:21.000');
INSERT INTO order_info (order_id, factory_name, buyer_id, product_name, trans_mode, quantity, order_time) VALUES ('61871288', 'Kuhic-Ullrich', '54-411-1467', 'Chocolate_Dark', 'Truck', '145', '2022/01/09 12:50.000');
INSERT INTO order_info (order_id, factory_name, buyer_id, product_name, trans_mode, quantity, order_time) VALUES ('07562633', 'Weissnat, Bernhard and Kuhlman', '07-455-6634', 'Chocolate_Almond', 'Train', '77', '2022/08/26 18:38.000');
INSERT INTO order_info (order_id, factory_name, buyer_id, product_name, trans_mode, quantity, order_time) VALUES ('25970382', 'Greenfelder LLC', '59-044-7580', 'Chocolate_Almond', 'Plane', '183', '2022/10/14 22:33.000');
INSERT INTO order_info (order_id, factory_name, buyer_id, product_name, trans_mode, quantity, order_time) VALUES ('49881753', 'Luettgen, Cremin and Bahringer', '97-594-3740', 'Chocolate_Milk', 'Train', '124', '2022/09/25 05:40.000');
INSERT INTO order_info (order_id, factory_name, buyer_id, product_name, trans_mode, quantity, order_time) VALUES ('18536828', 'Kling Inc', '77-639-8358', 'Chocolate_Vanilla', 'Ship', '145', '2022/09/11 08:18.000');
INSERT INTO order_info (order_id, factory_name, buyer_id, product_name, trans_mode, quantity, order_time) VALUES ('72202649', 'Weissnat, Bernhard and Kuhlman', '07-455-6634', 'Chocolate_Dark', 'Train', '13', '2022/08/13 09:57.000');
INSERT INTO order_info (order_id, factory_name, buyer_id, product_name, trans_mode, quantity, order_time) VALUES ('67210496', 'Glover LLC', '05-531-1158', 'Chocolate_Dark', 'Truck', '89', '2022/07/06 00:09.000');
INSERT INTO order_info (order_id, factory_name, buyer_id, product_name, trans_mode, quantity, order_time) VALUES ('84571506', 'Kling Inc', '10-491-2446', 'Chocolate_Dark', 'Train', '73', '2021/12/03 21:14.000');
INSERT INTO order_info (order_id, factory_name, buyer_id, product_name, trans_mode, quantity, order_time) VALUES ('22847808', 'Rippin, Strosin and Champlin', '77-639-8358', 'Chocolate_Cinnamon', 'Truck', '168', '2021/10/21 23:08.000');
INSERT INTO order_info (order_id, factory_name, buyer_id, product_name, trans_mode, quantity, order_time) VALUES ('21094247', 'Douglas, Hoppe and Stark', '07-455-6634', 'Chocolate_Strawberry', 'Truck', '161', '2021/12/26 00:46.000');
INSERT INTO order_info (order_id, factory_name, buyer_id, product_name, trans_mode, quantity, order_time) VALUES ('43196876', 'Dibbert, Mitchell and Dooley', '88-043-5868', 'Chocolate_Spread', 'Plane', '89', '2022/05/15 21:44.000');
INSERT INTO order_info (order_id, factory_name, buyer_id, product_name, trans_mode, quantity, order_time) VALUES ('99539838', 'Luettgen, Cremin and Bahringer', '77-639-8358', 'Chocolate_Dark', 'Plane', '63', '2022/08/20 14:38.000');
INSERT INTO order_info (order_id, factory_name, buyer_id, product_name, trans_mode, quantity, order_time) VALUES ('82628999', 'Rippin, Strosin and Champlin', '30-000-1093', 'Chocolate_Vanilla', 'Train', '10', '2022/07/10 02:49.000');
INSERT INTO order_info (order_id, factory_name, buyer_id, product_name, trans_mode, quantity, order_time) VALUES ('72845205', 'Luettgen, Cremin and Bahringer', '77-639-8358', 'Chocolate_Milk', 'Truck', '128', '2022/10/29 03:01.000');
INSERT INTO order_info (order_id, factory_name, buyer_id, product_name, trans_mode, quantity, order_time) VALUES ('46631380', 'Douglas, Hoppe and Stark', '07-455-6634', 'Chocolate_Almond', 'Train', '19', '2022/02/06 17:54.000');
INSERT INTO order_info (order_id, factory_name, buyer_id, product_name, trans_mode, quantity, order_time) VALUES ('58711968', 'Kling Inc', '57-347-6202', 'Chocolate_Vanilla', 'Train', '25', '2022/08/23 07:53.000');
INSERT INTO order_info (order_id, factory_name, buyer_id, product_name, trans_mode, quantity, order_time) VALUES ('23656635', 'Dibbert, Mitchell and Dooley', '30-000-1093', 'Chocolate_Cake', 'Plane', '125', '2022/09/20 14:41.000');
INSERT INTO order_info (order_id, factory_name, buyer_id, product_name, trans_mode, quantity, order_time) VALUES ('45701751', 'Greenfelder LLC', '10-491-2446', 'Chocolate_Milk', 'Truck', '35', '2021/12/12 05:41.000');
INSERT INTO order_info (order_id, factory_name, buyer_id, product_name, trans_mode, quantity, order_time) VALUES ('95017850', 'Weissnat, Bernhard and Kuhlman', '54-411-1467', 'Chocolate_Vanilla', 'Ship', '95', '2021/12/30 11:13.000');
INSERT INTO order_info (order_id, factory_name, buyer_id, product_name, trans_mode, quantity, order_time) VALUES ('47690431', 'Glover LLC', '07-455-6634', 'Chocolate_Milk', 'Ship', '84', '2021/10/08 12:23.000');
INSERT INTO order_info (order_id, factory_name, buyer_id, product_name, trans_mode, quantity, order_time) VALUES ('18932399', 'Kuhic-Ullrich', '54-411-1467', 'Chocolate_Strawberry', 'Train', '135', '2021/12/20 22:11.000');
INSERT INTO order_info (order_id, factory_name, buyer_id, product_name, trans_mode, quantity, order_time) VALUES ('52232370', 'Rippin, Strosin and Champlin', '77-639-8358', 'Chocolate_Cake', 'Plane', '15', '2021/12/19 14:02.000');
INSERT INTO order_info (order_id, factory_name, buyer_id, product_name, trans_mode, quantity, order_time) VALUES ('49596317', 'Rippin, Strosin and Champlin', '07-455-6634', 'Chocolate_Almond', 'Ship', '123', '2022/03/17 23:11.000');
INSERT INTO order_info (order_id, factory_name, buyer_id, product_name, trans_mode, quantity, order_time) VALUES ('43710800', 'Dibbert, Mitchell and Dooley', '07-455-6634', 'Chocolate_Vanilla', 'Truck', '193', '2022/09/24 13:23.000');
INSERT INTO order_info (order_id, factory_name, buyer_id, product_name, trans_mode, quantity, order_time) VALUES ('86030620', 'Greenfelder LLC', '05-531-1158', 'Chocolate_Dark', 'Truck', '172', '2021/10/21 09:15.000');
INSERT INTO order_info (order_id, factory_name, buyer_id, product_name, trans_mode, quantity, order_time) VALUES ('04180865', 'Weissnat, Bernhard and Kuhlman', '30-000-1093', 'Chocolate_Cinnamon', 'Ship', '68', '2021/12/19 20:36.000');
INSERT INTO order_info (order_id, factory_name, buyer_id, product_name, trans_mode, quantity, order_time) VALUES ('50995845', 'Greenfelder LLC', '05-531-1158', 'Chocolate_Cake', 'Truck', '36', '2022/08/02 01:18.000');
INSERT INTO order_info (order_id, factory_name, buyer_id, product_name, trans_mode, quantity, order_time) VALUES ('17524910', 'Dibbert, Mitchell and Dooley', '30-000-1093', 'Chocolate_Strawberry', 'Plane', '193', '2022/03/27 08:08.000');
INSERT INTO order_info (order_id, factory_name, buyer_id, product_name, trans_mode, quantity, order_time) VALUES ('75939836', 'Glover LLC', '30-000-1093', 'Chocolate_Almond', 'Train', '96', '2021/10/02 00:56.000');
INSERT INTO order_info (order_id, factory_name, buyer_id, product_name, trans_mode, quantity, order_time) VALUES ('61251598', 'Greenfelder LLC', '59-044-7580', 'Chocolate_Cinnamon', 'Plane', '29', '2021/12/18 20:04.000');
INSERT INTO order_info (order_id, factory_name, buyer_id, product_name, trans_mode, quantity, order_time) VALUES ('28715782', 'Luettgen, Cremin and Bahringer', '07-455-6634', 'Chocolate_Vanilla', 'Ship', '122', '2022/04/10 21:06.000');
INSERT INTO order_info (order_id, factory_name, buyer_id, product_name, trans_mode, quantity, order_time) VALUES ('94986547', 'Kuhic-Ullrich', '54-411-1467', 'Chocolate_White', 'Ship', '107', '2022/02/11 19:48.000');
INSERT INTO order_info (order_id, factory_name, buyer_id, product_name, trans_mode, quantity, order_time) VALUES ('15695978', 'Weissnat, Bernhard and Kuhlman', '10-491-2446', 'Chocolate_Dark', 'Plane', '22', '2022/07/09 01:59.000');
INSERT INTO order_info (order_id, factory_name, buyer_id, product_name, trans_mode, quantity, order_time) VALUES ('50875064', 'Howell Group', '59-044-7580', 'Chocolate_Almond', 'Train', '6', '2022/03/24 20:52.000');
INSERT INTO order_info (order_id, factory_name, buyer_id, product_name, trans_mode, quantity, order_time) VALUES ('39952751', 'Kuhic-Ullrich', '88-043-5868', 'Chocolate_White', 'Ship', '40', '2022/03/07 19:29.000');
INSERT INTO order_info (order_id, factory_name, buyer_id, product_name, trans_mode, quantity, order_time) VALUES ('96852681', 'Kuhic-Ullrich', '59-044-7580', 'Chocolate_Cinnamon', 'Truck', '141', '2022/10/25 21:59.000');
INSERT INTO order_info (order_id, factory_name, buyer_id, product_name, trans_mode, quantity, order_time) VALUES ('83098454', 'Dibbert, Mitchell and Dooley', '59-044-7580', 'Chocolate_Cake', 'Ship', '63', '2022/03/27 06:53.000');
INSERT INTO order_info (order_id, factory_name, buyer_id, product_name, trans_mode, quantity, order_time) VALUES ('46363127', 'Luettgen, Cremin and Bahringer', '57-347-6202', 'Chocolate_Spread', 'Truck', '7', '2022/03/06 09:24.000');
INSERT INTO order_info (order_id, factory_name, buyer_id, product_name, trans_mode, quantity, order_time) VALUES ('19200789', 'Weissnat, Bernhard and Kuhlman', '05-531-1158', 'Chocolate_White', 'Ship', '190', '2022/06/22 10:11.000');
INSERT INTO order_info (order_id, factory_name, buyer_id, product_name, trans_mode, quantity, order_time) VALUES ('84473491', 'Weissnat, Bernhard and Kuhlman', '10-491-2446', 'Chocolate_Milk', 'Train', '113', '2022/09/22 07:56.000');
INSERT INTO order_info (order_id, factory_name, buyer_id, product_name, trans_mode, quantity, order_time) VALUES ('70226462', 'Glover LLC', '10-491-2446', 'Chocolate_Cake', 'Train', '172', '2022/04/28 11:10.000');
INSERT INTO order_info (order_id, factory_name, buyer_id, product_name, trans_mode, quantity, order_time) VALUES ('54864705', 'Greenfelder LLC', '54-411-1467', 'Chocolate_Cinnamon', 'Truck', '50', '2022/06/11 09:28.000');
INSERT INTO order_info (order_id, factory_name, buyer_id, product_name, trans_mode, quantity, order_time) VALUES ('76518660', 'Dibbert, Mitchell and Dooley', '57-347-6202', 'Chocolate_Almond', 'Train', '66', '2022/05/28 18:33.000');
INSERT INTO order_info (order_id, factory_name, buyer_id, product_name, trans_mode, quantity, order_time) VALUES ('94918301', 'Douglas, Hoppe and Stark', '59-044-7580', 'Chocolate_Spread', 'Train', '55', '2022/01/16 21:12.000');
INSERT INTO order_info (order_id, factory_name, buyer_id, product_name, trans_mode, quantity, order_time) VALUES ('55087243', 'Kuhic-Ullrich', '59-044-7580', 'Chocolate_Vanilla', 'Ship', '183', '2021/10/21 20:32.000');
INSERT INTO order_info (order_id, factory_name, buyer_id, product_name, trans_mode, quantity, order_time) VALUES ('75865884', 'Glover LLC', '77-639-8358', 'Chocolate_White', 'Plane', '15', '2022/03/14 21:17.000');
INSERT INTO order_info (order_id, factory_name, buyer_id, product_name, trans_mode, quantity, order_time) VALUES ('34577814', 'Dibbert, Mitchell and Dooley', '77-639-8358', 'Chocolate_White', 'Plane', '5', '2022/01/03 16:03.000');
INSERT INTO order_info (order_id, factory_name, buyer_id, product_name, trans_mode, quantity, order_time) VALUES ('58249180', 'Weissnat, Bernhard and Kuhlman', '30-000-1093', 'Chocolate_Cake', 'Truck', '178', '2022/07/24 04:40.000');
INSERT INTO order_info (order_id, factory_name, buyer_id, product_name, trans_mode, quantity, order_time) VALUES ('33891343', 'Luettgen, Cremin and Bahringer', '59-044-7580', 'Chocolate_Spread', 'Ship', '14', '2022/02/05 18:57.000');
INSERT INTO order_info (order_id, factory_name, buyer_id, product_name, trans_mode, quantity, order_time) VALUES ('86557735', 'Luettgen, Cremin and Bahringer', '88-043-5868', 'Chocolate_White', 'Plane', '149', '2022/07/21 12:51.000');
INSERT INTO order_info (order_id, factory_name, buyer_id, product_name, trans_mode, quantity, order_time) VALUES ('44341626', 'Rippin, Strosin and Champlin', '57-347-6202', 'Chocolate_Cinnamon', 'Plane', '70', '2022/06/22 16:39.000');
INSERT INTO order_info (order_id, factory_name, buyer_id, product_name, trans_mode, quantity, order_time) VALUES ('30003738', 'Luettgen, Cremin and Bahringer', '77-639-8358', 'Chocolate_Cake', 'Ship', '29', '2021/12/28 20:33.000');
INSERT INTO order_info (order_id, factory_name, buyer_id, product_name, trans_mode, quantity, order_time) VALUES ('12429609', 'Greenfelder LLC', '57-347-6202', 'Chocolate_White', 'Ship', '38', '2021/12/12 23:55.000');
INSERT INTO order_info (order_id, factory_name, buyer_id, product_name, trans_mode, quantity, order_time) VALUES ('06901256', 'Howell Group', '77-639-8358', 'Chocolate_White', 'Plane', '24', '2022/07/12 23:37.000');
INSERT INTO order_info (order_id, factory_name, buyer_id, product_name, trans_mode, quantity, order_time) VALUES ('22687451', 'Dibbert, Mitchell and Dooley', '59-044-7580', 'Chocolate_Milk', 'Plane', '172', '2021/12/16 09:58.000');
INSERT INTO order_info (order_id, factory_name, buyer_id, product_name, trans_mode, quantity, order_time) VALUES ('90218668', 'Glover LLC', '54-411-1467', 'Chocolate_Strawberry', 'Plane', '4', '2022/01/22 15:22.000');
INSERT INTO order_info (order_id, factory_name, buyer_id, product_name, trans_mode, quantity, order_time) VALUES ('20600789', 'Dibbert, Mitchell and Dooley', '07-455-6634', 'Chocolate_White', 'Ship', '165', '2022/07/09 00:43.000');
INSERT INTO order_info (order_id, factory_name, buyer_id, product_name, trans_mode, quantity, order_time) VALUES ('51697945', 'Weissnat, Bernhard and Kuhlman', '59-044-7580', 'Chocolate_Spread', 'Ship', '29', '2021/12/18 15:39.000');
INSERT INTO order_info (order_id, factory_name, buyer_id, product_name, trans_mode, quantity, order_time) VALUES ('44403133', 'Glover LLC', '77-639-8358', 'Chocolate_Spread', 'Plane', '71', '2022/09/04 13:12.000');
INSERT INTO order_info (order_id, factory_name, buyer_id, product_name, trans_mode, quantity, order_time) VALUES ('52898607', 'Luettgen, Cremin and Bahringer', '30-000-1093', 'Chocolate_Almond', 'Train', '70', '2022/03/07 06:17.000');
INSERT INTO order_info (order_id, factory_name, buyer_id, product_name, trans_mode, quantity, order_time) VALUES ('83980818', 'Greenfelder LLC', '54-411-1467', 'Chocolate_Vanilla', 'Train', '135', '2022/01/14 00:54.000');
INSERT INTO order_info (order_id, factory_name, buyer_id, product_name, trans_mode, quantity, order_time) VALUES ('45271963', 'Luettgen, Cremin and Bahringer', '59-044-7580', 'Chocolate_Cake', 'Ship', '138', '2021/12/10 16:27.000');
INSERT INTO order_info (order_id, factory_name, buyer_id, product_name, trans_mode, quantity, order_time) VALUES ('41239321', 'Howell Group', '57-347-6202', 'Chocolate_Cake', 'Train', '167', '2021/10/24 05:24.000');
INSERT INTO order_info (order_id, factory_name, buyer_id, product_name, trans_mode, quantity, order_time) VALUES ('56614512', 'Greenfelder LLC', '57-347-6202', 'Chocolate_White', 'Ship', '58', '2021/10/17 00:53.000');
INSERT INTO order_info (order_id, factory_name, buyer_id, product_name, trans_mode, quantity, order_time) VALUES ('65469240', 'Glover LLC', '07-455-6634', 'Chocolate_Milk', 'Truck', '87', '2022/10/06 13:38.000');
INSERT INTO order_info (order_id, factory_name, buyer_id, product_name, trans_mode, quantity, order_time) VALUES ('12331124', 'Luettgen, Cremin and Bahringer', '97-594-3740', 'Chocolate_Cinnamon', 'Train', '175', '2021/10/02 10:19.000');
INSERT INTO order_info (order_id, factory_name, buyer_id, product_name, trans_mode, quantity, order_time) VALUES ('58557847', 'Weissnat, Bernhard and Kuhlman', '10-491-2446', 'Chocolate_Cake', 'Ship', '148', '2022/03/07 18:16.000');
INSERT INTO order_info (order_id, factory_name, buyer_id, product_name, trans_mode, quantity, order_time) VALUES ('60005874', 'Glover LLC', '59-044-7580', 'Chocolate_Milk', 'Train', '53', '2022/04/29 08:25.000');
INSERT INTO order_info (order_id, factory_name, buyer_id, product_name, trans_mode, quantity, order_time) VALUES ('50378172', 'Douglas, Hoppe and Stark', '30-000-1093', 'Chocolate_Almond', 'Train', '137', '2022/02/03 01:50.000');
INSERT INTO order_info (order_id, factory_name, buyer_id, product_name, trans_mode, quantity, order_time) VALUES ('07389913', 'Douglas, Hoppe and Stark', '07-455-6634', 'Chocolate_Cake', 'Plane', '16', '2021/11/28 12:03.000');
INSERT INTO order_info (order_id, factory_name, buyer_id, product_name, trans_mode, quantity, order_time) VALUES ('28061381', 'Luettgen, Cremin and Bahringer', '97-594-3740', 'Chocolate_Vanilla', 'Truck', '164', '2022/05/10 11:07.000');
INSERT INTO order_info (order_id, factory_name, buyer_id, product_name, trans_mode, quantity, order_time) VALUES ('41804302', 'Greenfelder LLC', '88-043-5868', 'Chocolate_Vanilla', 'Truck', '59', '2021/11/12 04:21.000');
INSERT INTO order_info (order_id, factory_name, buyer_id, product_name, trans_mode, quantity, order_time) VALUES ('35978548', 'Douglas, Hoppe and Stark', '07-455-6634', 'Chocolate_Cinnamon', 'Truck', '168', '2022/07/27 10:06.000');
INSERT INTO order_info (order_id, factory_name, buyer_id, product_name, trans_mode, quantity, order_time) VALUES ('45028975', 'Douglas, Hoppe and Stark', '10-491-2446', 'Chocolate_Dark', 'Truck', '5', '2022/06/29 07:22.000');
INSERT INTO order_info (order_id, factory_name, buyer_id, product_name, trans_mode, quantity, order_time) VALUES ('24290487', 'Kuhic-Ullrich', '54-411-1467', 'Chocolate_Spread', 'Train', '13', '2022/03/23 13:01.000');
INSERT INTO order_info (order_id, factory_name, buyer_id, product_name, trans_mode, quantity, order_time) VALUES ('50737661', 'Howell Group', '97-594-3740', 'Chocolate_Vanilla', 'Truck', '128', '2022/02/26 10:35.000');
INSERT INTO order_info (order_id, factory_name, buyer_id, product_name, trans_mode, quantity, order_time) VALUES ('28457881', 'Kuhic-Ullrich', '05-531-1158', 'Chocolate_Strawberry', 'Truck', '76', '2022/09/03 20:13.000');
INSERT INTO order_info (order_id, factory_name, buyer_id, product_name, trans_mode, quantity, order_time) VALUES ('18691439', 'Kuhic-Ullrich', '77-639-8358', 'Chocolate_Cake', 'Ship', '110', '2022/05/10 09:03.000');
INSERT INTO order_info (order_id, factory_name, buyer_id, product_name, trans_mode, quantity, order_time) VALUES ('06872896', 'Rippin, Strosin and Champlin', '54-411-1467', 'Chocolate_Almond', 'Truck', '120', '2022/08/29 08:11.000');
INSERT INTO order_info (order_id, factory_name, buyer_id, product_name, trans_mode, quantity, order_time) VALUES ('57381567', 'Weissnat, Bernhard and Kuhlman', '97-594-3740', 'Chocolate_White', 'Plane', '195', '2022/02/23 11:30.000');
INSERT INTO order_info (order_id, factory_name, buyer_id, product_name, trans_mode, quantity, order_time) VALUES ('93390651', 'Dibbert, Mitchell and Dooley', '05-531-1158', 'Chocolate_Spread', 'Plane', '125', '2021/11/16 11:44.000');
INSERT INTO order_info (order_id, factory_name, buyer_id, product_name, trans_mode, quantity, order_time) VALUES ('18316039', 'Douglas, Hoppe and Stark', '07-455-6634', 'Chocolate_Strawberry', 'Truck', '31', '2022/08/04 14:45.000');
INSERT INTO order_info (order_id, factory_name, buyer_id, product_name, trans_mode, quantity, order_time) VALUES ('48554594', 'Luettgen, Cremin and Bahringer', '05-531-1158', 'Chocolate_Milk', 'Truck', '100', '2021/10/04 21:05.000');
INSERT INTO order_info (order_id, factory_name, buyer_id, product_name, trans_mode, quantity, order_time) VALUES ('69558766', 'Kuhic-Ullrich', '54-411-1467', 'Chocolate_Dark', 'Plane', '151', '2021/10/08 03:42.000');
INSERT INTO order_info (order_id, factory_name, buyer_id, product_name, trans_mode, quantity, order_time) VALUES ('25457789', 'Greenfelder LLC', '77-639-8358', 'Chocolate_Spread', 'Truck', '159', '2021/10/23 00:03.000');
INSERT INTO order_info (order_id, factory_name, buyer_id, product_name, trans_mode, quantity, order_time) VALUES ('74543487', 'Kuhic-Ullrich', '57-347-6202', 'Chocolate_White', 'Truck', '81', '2022/03/31 14:20.000');
INSERT INTO order_info (order_id, factory_name, buyer_id, product_name, trans_mode, quantity, order_time) VALUES ('79170013', 'Howell Group', '57-347-6202', 'Chocolate_Almond', 'Ship', '194', '2022/08/17 20:15.000');
INSERT INTO order_info (order_id, factory_name, buyer_id, product_name, trans_mode, quantity, order_time) VALUES ('16716045', 'Rippin, Strosin and Champlin', '30-000-1093', 'Chocolate_Milk', 'Truck', '145', '2022/04/26 10:03.000');
INSERT INTO order_info (order_id, factory_name, buyer_id, product_name, trans_mode, quantity, order_time) VALUES ('84133427', 'Kling Inc', '30-000-1093', 'Chocolate_Vanilla', 'Train', '187', '2021/12/04 09:33.000');
INSERT INTO order_info (order_id, factory_name, buyer_id, product_name, trans_mode, quantity, order_time) VALUES ('82684797', 'Howell Group', '77-639-8358', 'Chocolate_Cake', 'Plane', '52', '2022/09/29 01:21.000');
INSERT INTO order_info (order_id, factory_name, buyer_id, product_name, trans_mode, quantity, order_time) VALUES ('02940886', 'Howell Group', '59-044-7580', 'Chocolate_Almond', 'Train', '149', '2022/05/02 01:16.000');
INSERT INTO order_info (order_id, factory_name, buyer_id, product_name, trans_mode, quantity, order_time) VALUES ('88361074', 'Rippin, Strosin and Champlin', '59-044-7580', 'Chocolate_Dark', 'Truck', '83', '2022/09/04 11:54.000');
INSERT INTO order_info (order_id, factory_name, buyer_id, product_name, trans_mode, quantity, order_time) VALUES ('35461473', 'Glover LLC', '30-000-1093', 'Chocolate_Cinnamon', 'Ship', '3', '2022/08/12 13:11.000');
INSERT INTO order_info (order_id, factory_name, buyer_id, product_name, trans_mode, quantity, order_time) VALUES ('76221004', 'Luettgen, Cremin and Bahringer', '54-411-1467', 'Chocolate_Spread', 'Ship', '73', '2022/06/28 15:54.000');
INSERT INTO order_info (order_id, factory_name, buyer_id, product_name, trans_mode, quantity, order_time) VALUES ('68522314', 'Rippin, Strosin and Champlin', '54-411-1467', 'Chocolate_Cinnamon', 'Train', '95', '2022/01/20 02:08.000');
INSERT INTO order_info (order_id, factory_name, buyer_id, product_name, trans_mode, quantity, order_time) VALUES ('17261396', 'Kling Inc', '57-347-6202', 'Chocolate_Strawberry', 'Truck', '120', '2022/01/09 23:43.000');
INSERT INTO order_info (order_id, factory_name, buyer_id, product_name, trans_mode, quantity, order_time) VALUES ('11341801', 'Douglas, Hoppe and Stark', '54-411-1467', 'Chocolate_Vanilla', 'Truck', '59', '2022/10/22 21:45.000');
INSERT INTO order_info (order_id, factory_name, buyer_id, product_name, trans_mode, quantity, order_time) VALUES ('81668591', 'Glover LLC', '57-347-6202', 'Chocolate_Milk', 'Truck', '147', '2022/09/14 11:47.000');
INSERT INTO order_info (order_id, factory_name, buyer_id, product_name, trans_mode, quantity, order_time) VALUES ('92006771', 'Weissnat, Bernhard and Kuhlman', '97-594-3740', 'Chocolate_Cake', 'Truck', '132', '2022/06/01 11:25.000');
INSERT INTO order_info (order_id, factory_name, buyer_id, product_name, trans_mode, quantity, order_time) VALUES ('87482914', 'Weissnat, Bernhard and Kuhlman', '77-639-8358', 'Chocolate_Strawberry', 'Truck', '101', '2022/09/21 11:20.000');
INSERT INTO order_info (order_id, factory_name, buyer_id, product_name, trans_mode, quantity, order_time) VALUES ('53461025', 'Dibbert, Mitchell and Dooley', '57-347-6202', 'Chocolate_Vanilla', 'Ship', '26', '2022/05/09 23:28.000');
INSERT INTO order_info (order_id, factory_name, buyer_id, product_name, trans_mode, quantity, order_time) VALUES ('38954729', 'Kuhic-Ullrich', '88-043-5868', 'Chocolate_Cinnamon', 'Truck', '99', '2022/02/09 14:12.000');
INSERT INTO order_info (order_id, factory_name, buyer_id, product_name, trans_mode, quantity, order_time) VALUES ('53360039', 'Greenfelder LLC', '07-455-6634', 'Chocolate_Spread', 'Train', '33', '2022/10/11 16:28.000');
INSERT INTO order_info (order_id, factory_name, buyer_id, product_name, trans_mode, quantity, order_time) VALUES ('10689571', 'Howell Group', '10-491-2446', 'Chocolate_Cake', 'Plane', '137', '2022/08/06 15:13.000');
INSERT INTO order_info (order_id, factory_name, buyer_id, product_name, trans_mode, quantity, order_time) VALUES ('79230529', 'Howell Group', '54-411-1467', 'Chocolate_Spread', 'Plane', '10', '2022/01/20 23:07.000');
INSERT INTO order_info (order_id, factory_name, buyer_id, product_name, trans_mode, quantity, order_time) VALUES ('00130168', 'Luettgen, Cremin and Bahringer', '88-043-5868', 'Chocolate_Almond', 'Plane', '152', '2022/03/25 11:30.000');
INSERT INTO order_info (order_id, factory_name, buyer_id, product_name, trans_mode, quantity, order_time) VALUES ('01166698', 'Kuhic-Ullrich', '30-000-1093', 'Chocolate_Milk', 'Plane', '159', '2022/10/15 19:47.000');
INSERT INTO order_info (order_id, factory_name, buyer_id, product_name, trans_mode, quantity, order_time) VALUES ('03307898', 'Glover LLC', '59-044-7580', 'Chocolate_Cake', 'Truck', '82', '2022/07/20 06:33.000');
INSERT INTO order_info (order_id, factory_name, buyer_id, product_name, trans_mode, quantity, order_time) VALUES ('39846765', 'Dibbert, Mitchell and Dooley', '97-594-3740', 'Chocolate_Dark', 'Truck', '70', '2022/09/24 23:52.000');
INSERT INTO order_info (order_id, factory_name, buyer_id, product_name, trans_mode, quantity, order_time) VALUES ('89812678', 'Howell Group', '07-455-6634', 'Chocolate_Spread', 'Truck', '122', '2021/12/30 09:36.000');
INSERT INTO order_info (order_id, factory_name, buyer_id, product_name, trans_mode, quantity, order_time) VALUES ('35647242', 'Rippin, Strosin and Champlin', '30-000-1093', 'Chocolate_White', 'Truck', '79', '2022/05/24 04:24.000');
INSERT INTO order_info (order_id, factory_name, buyer_id, product_name, trans_mode, quantity, order_time) VALUES ('42073030', 'Dibbert, Mitchell and Dooley', '05-531-1158', 'Chocolate_Milk', 'Truck', '91', '2021/12/12 07:43.000');
INSERT INTO order_info (order_id, factory_name, buyer_id, product_name, trans_mode, quantity, order_time) VALUES ('35399763', 'Douglas, Hoppe and Stark', '88-043-5868', 'Chocolate_Cake', 'Plane', '140', '2022/04/10 13:07.000');
INSERT INTO order_info (order_id, factory_name, buyer_id, product_name, trans_mode, quantity, order_time) VALUES ('39486554', 'Weissnat, Bernhard and Kuhlman', '54-411-1467', 'Chocolate_Cake', 'Ship', '47', '2022/04/01 06:35.000');
INSERT INTO order_info (order_id, factory_name, buyer_id, product_name, trans_mode, quantity, order_time) VALUES ('90867698', 'Kuhic-Ullrich', '97-594-3740', 'Chocolate_Cake', 'Truck', '178', '2022/06/25 03:36.000');
INSERT INTO order_info (order_id, factory_name, buyer_id, product_name, trans_mode, quantity, order_time) VALUES ('79735188', 'Weissnat, Bernhard and Kuhlman', '10-491-2446', 'Chocolate_Cake', 'Ship', '44', '2022/10/22 17:38.000');
INSERT INTO order_info (order_id, factory_name, buyer_id, product_name, trans_mode, quantity, order_time) VALUES ('43102359', 'Weissnat, Bernhard and Kuhlman', '30-000-1093', 'Chocolate_Almond', 'Ship', '3', '2021/12/03 04:22.000');
INSERT INTO order_info (order_id, factory_name, buyer_id, product_name, trans_mode, quantity, order_time) VALUES ('04013197', 'Kuhic-Ullrich', '05-531-1158', 'Chocolate_Strawberry', 'Truck', '99', '2022/02/25 23:23.000');
INSERT INTO order_info (order_id, factory_name, buyer_id, product_name, trans_mode, quantity, order_time) VALUES ('79875881', 'Glover LLC', '54-411-1467', 'Chocolate_Dark', 'Ship', '89', '2022/06/10 06:06.000');
INSERT INTO order_info (order_id, factory_name, buyer_id, product_name, trans_mode, quantity, order_time) VALUES ('00986152', 'Rippin, Strosin and Champlin', '59-044-7580', 'Chocolate_Almond', 'Train', '7', '2022/05/11 20:10.000');
INSERT INTO order_info (order_id, factory_name, buyer_id, product_name, trans_mode, quantity, order_time) VALUES ('75364791', 'Luettgen, Cremin and Bahringer', '57-347-6202', 'Chocolate_Almond', 'Ship', '7', '2021/11/22 04:46.000');
INSERT INTO order_info (order_id, factory_name, buyer_id, product_name, trans_mode, quantity, order_time) VALUES ('98866114', 'Luettgen, Cremin and Bahringer', '77-639-8358', 'Chocolate_Cinnamon', 'Plane', '151', '2022/07/18 14:36.000');
INSERT INTO order_info (order_id, factory_name, buyer_id, product_name, trans_mode, quantity, order_time) VALUES ('27119228', 'Luettgen, Cremin and Bahringer', '10-491-2446', 'Chocolate_Cake', 'Plane', '119', '2021/10/18 23:38.000');
INSERT INTO order_info (order_id, factory_name, buyer_id, product_name, trans_mode, quantity, order_time) VALUES ('91516120', 'Glover LLC', '10-491-2446', 'Chocolate_Dark', 'Plane', '107', '2022/08/21 23:19.000');
INSERT INTO order_info (order_id, factory_name, buyer_id, product_name, trans_mode, quantity, order_time) VALUES ('00052486', 'Greenfelder LLC', '05-531-1158', 'Chocolate_Almond', 'Train', '43', '2021/12/06 17:04.000');
INSERT INTO order_info (order_id, factory_name, buyer_id, product_name, trans_mode, quantity, order_time) VALUES ('95705234', 'Kling Inc', '30-000-1093', 'Chocolate_Almond', 'Truck', '41', '2022/05/13 18:07.000');
INSERT INTO order_info (order_id, factory_name, buyer_id, product_name, trans_mode, quantity, order_time) VALUES ('21076363', 'Kuhic-Ullrich', '54-411-1467', 'Chocolate_White', 'Plane', '46', '2022/05/23 17:31.000');
INSERT INTO order_info (order_id, factory_name, buyer_id, product_name, trans_mode, quantity, order_time) VALUES ('52172797', 'Greenfelder LLC', '57-347-6202', 'Chocolate_Strawberry', 'Train', '148', '2021/12/21 15:37.000');
INSERT INTO order_info (order_id, factory_name, buyer_id, product_name, trans_mode, quantity, order_time) VALUES ('39357395', 'Howell Group', '97-594-3740', 'Chocolate_Cinnamon', 'Train', '105', '2022/03/03 08:14.000');
INSERT INTO order_info (order_id, factory_name, buyer_id, product_name, trans_mode, quantity, order_time) VALUES ('63387476', 'Howell Group', '30-000-1093', 'Chocolate_Vanilla', 'Train', '126', '2022/09/15 17:56.000');
INSERT INTO order_info (order_id, factory_name, buyer_id, product_name, trans_mode, quantity, order_time) VALUES ('66608648', 'Rippin, Strosin and Champlin', '77-639-8358', 'Chocolate_Dark', 'Ship', '160', '2022/10/29 17:25.000');
INSERT INTO order_info (order_id, factory_name, buyer_id, product_name, trans_mode, quantity, order_time) VALUES ('87151335', 'Kling Inc', '54-411-1467', 'Chocolate_Spread', 'Ship', '134', '2022/10/08 06:07.000');
INSERT INTO order_info (order_id, factory_name, buyer_id, product_name, trans_mode, quantity, order_time) VALUES ('73895090', 'Luettgen, Cremin and Bahringer', '07-455-6634', 'Chocolate_Almond', 'Train', '121', '2022/03/22 21:05.000');
INSERT INTO order_info (order_id, factory_name, buyer_id, product_name, trans_mode, quantity, order_time) VALUES ('55310232', 'Douglas, Hoppe and Stark', '77-639-8358', 'Chocolate_Strawberry', 'Ship', '46', '2021/12/22 12:10.000');
INSERT INTO order_info (order_id, factory_name, buyer_id, product_name, trans_mode, quantity, order_time) VALUES ('62431973', 'Glover LLC', '59-044-7580', 'Chocolate_Milk', 'Plane', '197', '2022/05/26 16:56.000');
INSERT INTO order_info (order_id, factory_name, buyer_id, product_name, trans_mode, quantity, order_time) VALUES ('60913801', 'Rippin, Strosin and Champlin', '05-531-1158', 'Chocolate_Cake', 'Plane', '156', '2021/12/28 20:21.000');
INSERT INTO order_info (order_id, factory_name, buyer_id, product_name, trans_mode, quantity, order_time) VALUES ('96010132', 'Greenfelder LLC', '57-347-6202', 'Chocolate_Strawberry', 'Plane', '29', '2022/03/03 13:05.000');
INSERT INTO order_info (order_id, factory_name, buyer_id, product_name, trans_mode, quantity, order_time) VALUES ('11141103', 'Glover LLC', '54-411-1467', 'Chocolate_Almond', 'Train', '33', '2022/10/08 02:34.000');
INSERT INTO order_info (order_id, factory_name, buyer_id, product_name, trans_mode, quantity, order_time) VALUES ('50696954', 'Kuhic-Ullrich', '10-491-2446', 'Chocolate_Dark', 'Train', '170', '2022/10/06 20:49.000');
INSERT INTO order_info (order_id, factory_name, buyer_id, product_name, trans_mode, quantity, order_time) VALUES ('66020354', 'Greenfelder LLC', '54-411-1467', 'Chocolate_Cinnamon', 'Ship', '198', '2022/04/05 01:46.000');
INSERT INTO order_info (order_id, factory_name, buyer_id, product_name, trans_mode, quantity, order_time) VALUES ('09806063', 'Howell Group', '10-491-2446', 'Chocolate_Almond', 'Plane', '76', '2022/03/12 04:02.000');
INSERT INTO order_info (order_id, factory_name, buyer_id, product_name, trans_mode, quantity, order_time) VALUES ('67054769', 'Rippin, Strosin and Champlin', '30-000-1093', 'Chocolate_Almond', 'Truck', '120', '2022/06/06 14:41.000');
INSERT INTO order_info (order_id, factory_name, buyer_id, product_name, trans_mode, quantity, order_time) VALUES ('78336621', 'Howell Group', '10-491-2446', 'Chocolate_Strawberry', 'Truck', '117', '2022/10/24 18:06.000');
INSERT INTO order_info (order_id, factory_name, buyer_id, product_name, trans_mode, quantity, order_time) VALUES ('33844381', 'Kling Inc', '97-594-3740', 'Chocolate_Cinnamon', 'Ship', '122', '2022/09/30 13:29.000');
INSERT INTO order_info (order_id, factory_name, buyer_id, product_name, trans_mode, quantity, order_time) VALUES ('51129104', 'Glover LLC', '59-044-7580', 'Chocolate_Vanilla', 'Truck', '187', '2022/02/21 15:55.000');
INSERT INTO order_info (order_id, factory_name, buyer_id, product_name, trans_mode, quantity, order_time) VALUES ('23209708', 'Howell Group', '77-639-8358', 'Chocolate_Strawberry', 'Ship', '129', '2022/02/21 11:19.000');
INSERT INTO order_info (order_id, factory_name, buyer_id, product_name, trans_mode, quantity, order_time) VALUES ('55125123', 'Howell Group', '10-491-2446', 'Chocolate_Milk', 'Ship', '97', '2022/09/01 04:18.000');
INSERT INTO order_info (order_id, factory_name, buyer_id, product_name, trans_mode, quantity, order_time) VALUES ('89082193', 'Howell Group', '30-000-1093', 'Chocolate_Spread', 'Truck', '124', '2022/08/01 08:52.000');
INSERT INTO order_info (order_id, factory_name, buyer_id, product_name, trans_mode, quantity, order_time) VALUES ('59732353', 'Howell Group', '07-455-6634', 'Chocolate_Dark', 'Plane', '138', '2022/06/17 12:37.000');
INSERT INTO order_info (order_id, factory_name, buyer_id, product_name, trans_mode, quantity, order_time) VALUES ('36491337', 'Howell Group', '07-455-6634', 'Chocolate_White', 'Train', '90', '2022/04/11 05:34.000');
INSERT INTO order_info (order_id, factory_name, buyer_id, product_name, trans_mode, quantity, order_time) VALUES ('35032893', 'Kling Inc', '05-531-1158', 'Chocolate_Almond', 'Ship', '86', '2022/10/23 00:43.000');
INSERT INTO order_info (order_id, factory_name, buyer_id, product_name, trans_mode, quantity, order_time) VALUES ('76100839', 'Kling Inc', '05-531-1158', 'Chocolate_Dark', 'Train', '106', '2022/08/07 17:41.000');
INSERT INTO order_info (order_id, factory_name, buyer_id, product_name, trans_mode, quantity, order_time) VALUES ('51428994', 'Glover LLC', '97-594-3740', 'Chocolate_Vanilla', 'Ship', '45', '2022/02/10 20:03.000');
INSERT INTO order_info (order_id, factory_name, buyer_id, product_name, trans_mode, quantity, order_time) VALUES ('31280219', 'Rippin, Strosin and Champlin', '05-531-1158', 'Chocolate_Strawberry', 'Ship', '112', '2022/09/04 02:20.000');
INSERT INTO order_info (order_id, factory_name, buyer_id, product_name, trans_mode, quantity, order_time) VALUES ('19885216', 'Kling Inc', '88-043-5868', 'Chocolate_Strawberry', 'Plane', '104', '2022/02/18 11:27.000');
INSERT INTO order_info (order_id, factory_name, buyer_id, product_name, trans_mode, quantity, order_time) VALUES ('89554279', 'Glover LLC', '10-491-2446', 'Chocolate_Milk', 'Train', '146', '2022/06/24 20:39.000');
INSERT INTO order_info (order_id, factory_name, buyer_id, product_name, trans_mode, quantity, order_time) VALUES ('20156288', 'Rippin, Strosin and Champlin', '77-639-8358', 'Chocolate_Milk', 'Ship', '16', '2022/01/17 12:00.000');
INSERT INTO order_info (order_id, factory_name, buyer_id, product_name, trans_mode, quantity, order_time) VALUES ('49293016', 'Howell Group', '97-594-3740', 'Chocolate_Vanilla', 'Truck', '191', '2022/02/25 05:13.000');
INSERT INTO order_info (order_id, factory_name, buyer_id, product_name, trans_mode, quantity, order_time) VALUES ('54979619', 'Rippin, Strosin and Champlin', '07-455-6634', 'Chocolate_Cake', 'Truck', '46', '2022/03/04 10:47.000');
INSERT INTO order_info (order_id, factory_name, buyer_id, product_name, trans_mode, quantity, order_time) VALUES ('98567179', 'Kuhic-Ullrich', '57-347-6202', 'Chocolate_Cake', 'Ship', '17', '2022/03/19 23:21.000');
INSERT INTO order_info (order_id, factory_name, buyer_id, product_name, trans_mode, quantity, order_time) VALUES ('20659092', 'Douglas, Hoppe and Stark', '77-639-8358', 'Chocolate_Cake', 'Truck', '129', '2022/01/12 09:50.000');
INSERT INTO order_info (order_id, factory_name, buyer_id, product_name, trans_mode, quantity, order_time) VALUES ('21231602', 'Luettgen, Cremin and Bahringer', '30-000-1093', 'Chocolate_Vanilla', 'Train', '72', '2022/02/24 18:10.000');
INSERT INTO order_info (order_id, factory_name, buyer_id, product_name, trans_mode, quantity, order_time) VALUES ('87839961', 'Douglas, Hoppe and Stark', '54-411-1467', 'Chocolate_Milk', 'Train', '79', '2022/03/14 18:48.000');
INSERT INTO order_info (order_id, factory_name, buyer_id, product_name, trans_mode, quantity, order_time) VALUES ('25978142', 'Greenfelder LLC', '88-043-5868', 'Chocolate_Almond', 'Ship', '120', '2021/12/13 13:55.000');
INSERT INTO order_info (order_id, factory_name, buyer_id, product_name, trans_mode, quantity, order_time) VALUES ('21853538', 'Kling Inc', '97-594-3740', 'Chocolate_White', 'Plane', '63', '2022/01/07 01:00.000');
INSERT INTO order_info (order_id, factory_name, buyer_id, product_name, trans_mode, quantity, order_time) VALUES ('59044729', 'Greenfelder LLC', '30-000-1093', 'Chocolate_White', 'Plane', '188', '2022/04/24 22:44.000');
INSERT INTO order_info (order_id, factory_name, buyer_id, product_name, trans_mode, quantity, order_time) VALUES ('76556027', 'Weissnat, Bernhard and Kuhlman', '05-531-1158', 'Chocolate_White', 'Train', '112', '2022/09/04 23:03.000');
INSERT INTO order_info (order_id, factory_name, buyer_id, product_name, trans_mode, quantity, order_time) VALUES ('30329257', 'Dibbert, Mitchell and Dooley', '10-491-2446', 'Chocolate_Vanilla', 'Ship', '8', '2021/10/08 16:44.000');
INSERT INTO order_info (order_id, factory_name, buyer_id, product_name, trans_mode, quantity, order_time) VALUES ('11858229', 'Dibbert, Mitchell and Dooley', '10-491-2446', 'Chocolate_Cinnamon', 'Plane', '180', '2022/06/27 02:59.000');
INSERT INTO order_info (order_id, factory_name, buyer_id, product_name, trans_mode, quantity, order_time) VALUES ('41160853', 'Greenfelder LLC', '97-594-3740', 'Chocolate_Almond', 'Train', '172', '2021/12/06 06:57.000');
INSERT INTO order_info (order_id, factory_name, buyer_id, product_name, trans_mode, quantity, order_time) VALUES ('15830466', 'Douglas, Hoppe and Stark', '77-639-8358', 'Chocolate_Cinnamon', 'Truck', '37', '2021/10/12 12:43.000');
INSERT INTO order_info (order_id, factory_name, buyer_id, product_name, trans_mode, quantity, order_time) VALUES ('50076374', 'Dibbert, Mitchell and Dooley', '57-347-6202', 'Chocolate_Spread', 'Truck', '7', '2022/03/23 21:41.000');
INSERT INTO order_info (order_id, factory_name, buyer_id, product_name, trans_mode, quantity, order_time) VALUES ('03027404', 'Luettgen, Cremin and Bahringer', '77-639-8358', 'Chocolate_Cake', 'Ship', '155', '2022/10/09 06:15.000');
INSERT INTO order_info (order_id, factory_name, buyer_id, product_name, trans_mode, quantity, order_time) VALUES ('26818022', 'Howell Group', '05-531-1158', 'Chocolate_Dark', 'Ship', '81', '2022/02/20 09:18.000');
INSERT INTO order_info (order_id, factory_name, buyer_id, product_name, trans_mode, quantity, order_time) VALUES ('06618133', 'Rippin, Strosin and Champlin', '30-000-1093', 'Chocolate_Almond', 'Plane', '3', '2022/07/20 15:50.000');
INSERT INTO order_info (order_id, factory_name, buyer_id, product_name, trans_mode, quantity, order_time) VALUES ('91371735', 'Dibbert, Mitchell and Dooley', '54-411-1467', 'Chocolate_Milk', 'Train', '36', '2022/05/24 20:15.000');
INSERT INTO order_info (order_id, factory_name, buyer_id, product_name, trans_mode, quantity, order_time) VALUES ('04339291', 'Douglas, Hoppe and Stark', '77-639-8358', 'Chocolate_Dark', 'Plane', '103', '2021/11/22 09:59.000');
INSERT INTO order_info (order_id, factory_name, buyer_id, product_name, trans_mode, quantity, order_time) VALUES ('53351561', 'Kuhic-Ullrich', '30-000-1093', 'Chocolate_Strawberry', 'Truck', '43', '2022/06/22 12:58.000');
INSERT INTO order_info (order_id, factory_name, buyer_id, product_name, trans_mode, quantity, order_time) VALUES ('48011617', 'Howell Group', '88-043-5868', 'Chocolate_Cake', 'Train', '105', '2022/03/27 05:01.000');
INSERT INTO order_info (order_id, factory_name, buyer_id, product_name, trans_mode, quantity, order_time) VALUES ('86631050', 'Dibbert, Mitchell and Dooley', '77-639-8358', 'Chocolate_Strawberry', 'Ship', '52', '2022/03/24 07:10.000');
INSERT INTO order_info (order_id, factory_name, buyer_id, product_name, trans_mode, quantity, order_time) VALUES ('31774477', 'Weissnat, Bernhard and Kuhlman', '59-044-7580', 'Chocolate_Vanilla', 'Ship', '5', '2022/05/19 19:35.000');
INSERT INTO order_info (order_id, factory_name, buyer_id, product_name, trans_mode, quantity, order_time) VALUES ('71284969', 'Greenfelder LLC', '97-594-3740', 'Chocolate_Milk', 'Ship', '135', '2022/08/04 13:25.000');
INSERT INTO order_info (order_id, factory_name, buyer_id, product_name, trans_mode, quantity, order_time) VALUES ('66091292', 'Douglas, Hoppe and Stark', '97-594-3740', 'Chocolate_Almond', 'Truck', '192', '2021/11/01 08:08.000');
INSERT INTO order_info (order_id, factory_name, buyer_id, product_name, trans_mode, quantity, order_time) VALUES ('41290570', 'Kuhic-Ullrich', '54-411-1467', 'Chocolate_Cinnamon', 'Truck', '120', '2021/10/09 22:15.000');
INSERT INTO order_info (order_id, factory_name, buyer_id, product_name, trans_mode, quantity, order_time) VALUES ('45558475', 'Glover LLC', '57-347-6202', 'Chocolate_Milk', 'Truck', '56', '2021/11/10 10:24.000');
INSERT INTO order_info (order_id, factory_name, buyer_id, product_name, trans_mode, quantity, order_time) VALUES ('78433629', 'Luettgen, Cremin and Bahringer', '30-000-1093', 'Chocolate_Dark', 'Train', '127', '2022/02/11 23:03.000');
INSERT INTO order_info (order_id, factory_name, buyer_id, product_name, trans_mode, quantity, order_time) VALUES ('12817465', 'Glover LLC', '30-000-1093', 'Chocolate_Cinnamon', 'Truck', '97', '2022/01/21 10:43.000');
INSERT INTO order_info (order_id, factory_name, buyer_id, product_name, trans_mode, quantity, order_time) VALUES ('49917827', 'Kuhic-Ullrich', '59-044-7580', 'Chocolate_Vanilla', 'Truck', '200', '2022/10/10 12:57.000');
INSERT INTO order_info (order_id, factory_name, buyer_id, product_name, trans_mode, quantity, order_time) VALUES ('07177065', 'Greenfelder LLC', '10-491-2446', 'Chocolate_Strawberry', 'Plane', '5', '2022/10/15 18:30.000');
INSERT INTO order_info (order_id, factory_name, buyer_id, product_name, trans_mode, quantity, order_time) VALUES ('64513693', 'Greenfelder LLC', '77-639-8358', 'Chocolate_Strawberry', 'Train', '40', '2022/10/16 05:37.000');
INSERT INTO order_info (order_id, factory_name, buyer_id, product_name, trans_mode, quantity, order_time) VALUES ('92871194', 'Glover LLC', '97-594-3740', 'Chocolate_Cake', 'Train', '194', '2021/11/28 03:25.000');
INSERT INTO order_info (order_id, factory_name, buyer_id, product_name, trans_mode, quantity, order_time) VALUES ('13082258', 'Rippin, Strosin and Champlin', '59-044-7580', 'Chocolate_Almond', 'Ship', '192', '2022/07/16 08:59.000');
INSERT INTO order_info (order_id, factory_name, buyer_id, product_name, trans_mode, quantity, order_time) VALUES ('57436837', 'Dibbert, Mitchell and Dooley', '77-639-8358', 'Chocolate_Vanilla', 'Truck', '32', '2022/04/11 10:20.000');
INSERT INTO order_info (order_id, factory_name, buyer_id, product_name, trans_mode, quantity, order_time) VALUES ('12964397', 'Rippin, Strosin and Champlin', '97-594-3740', 'Chocolate_White', 'Plane', '89', '2021/10/09 03:09.000');
INSERT INTO order_info (order_id, factory_name, buyer_id, product_name, trans_mode, quantity, order_time) VALUES ('91746460', 'Kuhic-Ullrich', '88-043-5868', 'Chocolate_Almond', 'Plane', '138', '2022/05/31 05:47.000');
INSERT INTO order_info (order_id, factory_name, buyer_id, product_name, trans_mode, quantity, order_time) VALUES ('62200233', 'Glover LLC', '97-594-3740', 'Chocolate_Almond', 'Truck', '174', '2022/06/16 10:35.000');
INSERT INTO order_info (order_id, factory_name, buyer_id, product_name, trans_mode, quantity, order_time) VALUES ('46377442', 'Douglas, Hoppe and Stark', '30-000-1093', 'Chocolate_Milk', 'Train', '26', '2022/05/11 17:46.000');
INSERT INTO order_info (order_id, factory_name, buyer_id, product_name, trans_mode, quantity, order_time) VALUES ('85849541', 'Howell Group', '77-639-8358', 'Chocolate_Spread', 'Truck', '181', '2022/02/13 16:03.000');
INSERT INTO order_info (order_id, factory_name, buyer_id, product_name, trans_mode, quantity, order_time) VALUES ('30020310', 'Dibbert, Mitchell and Dooley', '05-531-1158', 'Chocolate_Cake', 'Plane', '99', '2021/10/26 06:43.000');
INSERT INTO order_info (order_id, factory_name, buyer_id, product_name, trans_mode, quantity, order_time) VALUES ('35132584', 'Weissnat, Bernhard and Kuhlman', '54-411-1467', 'Chocolate_Milk', 'Train', '61', '2022/08/17 05:48.000');
INSERT INTO order_info (order_id, factory_name, buyer_id, product_name, trans_mode, quantity, order_time) VALUES ('42584828', 'Glover LLC', '57-347-6202', 'Chocolate_Strawberry', 'Train', '72', '2022/03/07 18:45.000');
INSERT INTO order_info (order_id, factory_name, buyer_id, product_name, trans_mode, quantity, order_time) VALUES ('16370578', 'Luettgen, Cremin and Bahringer', '57-347-6202', 'Chocolate_Almond', 'Plane', '60', '2021/12/18 21:25.000');
INSERT INTO order_info (order_id, factory_name, buyer_id, product_name, trans_mode, quantity, order_time) VALUES ('68835291', 'Douglas, Hoppe and Stark', '54-411-1467', 'Chocolate_Almond', 'Train', '131', '2022/08/08 21:45.000');
INSERT INTO order_info (order_id, factory_name, buyer_id, product_name, trans_mode, quantity, order_time) VALUES ('80616853', 'Dibbert, Mitchell and Dooley', '77-639-8358', 'Chocolate_Almond', 'Truck', '129', '2022/07/06 22:55.000');
INSERT INTO order_info (order_id, factory_name, buyer_id, product_name, trans_mode, quantity, order_time) VALUES ('94260722', 'Howell Group', '54-411-1467', 'Chocolate_Strawberry', 'Plane', '33', '2022/05/14 15:38.000');
INSERT INTO order_info (order_id, factory_name, buyer_id, product_name, trans_mode, quantity, order_time) VALUES ('72415637', 'Howell Group', '05-531-1158', 'Chocolate_White', 'Plane', '158', '2022/03/23 08:48.000');
INSERT INTO order_info (order_id, factory_name, buyer_id, product_name, trans_mode, quantity, order_time) VALUES ('84298651', 'Rippin, Strosin and Champlin', '10-491-2446', 'Chocolate_Milk', 'Train', '6', '2022/09/14 18:57.000');
INSERT INTO order_info (order_id, factory_name, buyer_id, product_name, trans_mode, quantity, order_time) VALUES ('27678080', 'Kuhic-Ullrich', '10-491-2446', 'Chocolate_Milk', 'Train', '80', '2021/12/08 14:37.000');
INSERT INTO order_info (order_id, factory_name, buyer_id, product_name, trans_mode, quantity, order_time) VALUES ('76522551', 'Howell Group', '77-639-8358', 'Chocolate_Dark', 'Truck', '109', '2022/08/01 10:27.000');
INSERT INTO order_info (order_id, factory_name, buyer_id, product_name, trans_mode, quantity, order_time) VALUES ('14618203', 'Dibbert, Mitchell and Dooley', '05-531-1158', 'Chocolate_Cinnamon', 'Train', '136', '2021/12/10 13:42.000');
INSERT INTO order_info (order_id, factory_name, buyer_id, product_name, trans_mode, quantity, order_time) VALUES ('61214496', 'Dibbert, Mitchell and Dooley', '88-043-5868', 'Chocolate_Spread', 'Plane', '63', '2021/11/25 05:14.000');
INSERT INTO order_info (order_id, factory_name, buyer_id, product_name, trans_mode, quantity, order_time) VALUES ('00471922', 'Kling Inc', '59-044-7580', 'Chocolate_Dark', 'Plane', '147', '2021/11/03 01:30.000');
INSERT INTO order_info (order_id, factory_name, buyer_id, product_name, trans_mode, quantity, order_time) VALUES ('45013272', 'Kuhic-Ullrich', '07-455-6634', 'Chocolate_White', 'Truck', '132', '2022/01/24 07:53.000');
INSERT INTO order_info (order_id, factory_name, buyer_id, product_name, trans_mode, quantity, order_time) VALUES ('07292909', 'Weissnat, Bernhard and Kuhlman', '97-594-3740', 'Chocolate_Dark', 'Truck', '97', '2022/07/13 12:48.000');
INSERT INTO order_info (order_id, factory_name, buyer_id, product_name, trans_mode, quantity, order_time) VALUES ('42192749', 'Kling Inc', '57-347-6202', 'Chocolate_Vanilla', 'Plane', '27', '2022/02/12 02:46.000');
INSERT INTO order_info (order_id, factory_name, buyer_id, product_name, trans_mode, quantity, order_time) VALUES ('40817771', 'Luettgen, Cremin and Bahringer', '97-594-3740', 'Chocolate_Cake', 'Train', '15', '2022/04/13 15:58.000');
INSERT INTO order_info (order_id, factory_name, buyer_id, product_name, trans_mode, quantity, order_time) VALUES ('84604669', 'Howell Group', '88-043-5868', 'Chocolate_White', 'Truck', '8', '2021/10/16 07:23.000');
INSERT INTO order_info (order_id, factory_name, buyer_id, product_name, trans_mode, quantity, order_time) VALUES ('52380515', 'Weissnat, Bernhard and Kuhlman', '05-531-1158', 'Chocolate_White', 'Ship', '186', '2022/07/18 23:44.000');
INSERT INTO order_info (order_id, factory_name, buyer_id, product_name, trans_mode, quantity, order_time) VALUES ('27002612', 'Luettgen, Cremin and Bahringer', '54-411-1467', 'Chocolate_White', 'Plane', '178', '2022/04/22 13:13.000');
INSERT INTO order_info (order_id, factory_name, buyer_id, product_name, trans_mode, quantity, order_time) VALUES ('31649645', 'Glover LLC', '10-491-2446', 'Chocolate_Vanilla', 'Plane', '105', '2022/03/26 22:49.000');
INSERT INTO order_info (order_id, factory_name, buyer_id, product_name, trans_mode, quantity, order_time) VALUES ('31742259', 'Luettgen, Cremin and Bahringer', '07-455-6634', 'Chocolate_Cake', 'Plane', '199', '2021/10/20 19:07.000');
INSERT INTO order_info (order_id, factory_name, buyer_id, product_name, trans_mode, quantity, order_time) VALUES ('47629451', 'Weissnat, Bernhard and Kuhlman', '05-531-1158', 'Chocolate_Cake', 'Plane', '180', '2021/10/06 23:17.000');
INSERT INTO order_info (order_id, factory_name, buyer_id, product_name, trans_mode, quantity, order_time) VALUES ('15856641', 'Dibbert, Mitchell and Dooley', '30-000-1093', 'Chocolate_White', 'Truck', '104', '2022/08/29 11:14.000');
INSERT INTO order_info (order_id, factory_name, buyer_id, product_name, trans_mode, quantity, order_time) VALUES ('26642364', 'Howell Group', '07-455-6634', 'Chocolate_Dark', 'Train', '25', '2022/09/04 17:41.000');
INSERT INTO order_info (order_id, factory_name, buyer_id, product_name, trans_mode, quantity, order_time) VALUES ('78434279', 'Kling Inc', '77-639-8358', 'Chocolate_Strawberry', 'Truck', '75', '2022/02/23 03:32.000');
INSERT INTO order_info (order_id, factory_name, buyer_id, product_name, trans_mode, quantity, order_time) VALUES ('78521663', 'Douglas, Hoppe and Stark', '59-044-7580', 'Chocolate_Milk', 'Plane', '34', '2022/08/08 00:57.000');
INSERT INTO order_info (order_id, factory_name, buyer_id, product_name, trans_mode, quantity, order_time) VALUES ('87050357', 'Dibbert, Mitchell and Dooley', '07-455-6634', 'Chocolate_Cinnamon', 'Train', '165', '2022/10/28 13:51.000');
INSERT INTO order_info (order_id, factory_name, buyer_id, product_name, trans_mode, quantity, order_time) VALUES ('45649598', 'Glover LLC', '05-531-1158', 'Chocolate_Spread', 'Train', '136', '2021/11/24 14:32.000');
INSERT INTO order_info (order_id, factory_name, buyer_id, product_name, trans_mode, quantity, order_time) VALUES ('50542794', 'Greenfelder LLC', '88-043-5868', 'Chocolate_Strawberry', 'Ship', '22', '2021/10/10 19:18.000');
INSERT INTO order_info (order_id, factory_name, buyer_id, product_name, trans_mode, quantity, order_time) VALUES ('84379118', 'Howell Group', '54-411-1467', 'Chocolate_Spread', 'Truck', '26', '2022/08/12 04:35.000');
INSERT INTO order_info (order_id, factory_name, buyer_id, product_name, trans_mode, quantity, order_time) VALUES ('03003155', 'Weissnat, Bernhard and Kuhlman', '97-594-3740', 'Chocolate_Cake', 'Train', '195', '2022/02/02 07:23.000');
INSERT INTO order_info (order_id, factory_name, buyer_id, product_name, trans_mode, quantity, order_time) VALUES ('60598473', 'Howell Group', '77-639-8358', 'Chocolate_Milk', 'Plane', '82', '2022/03/19 17:57.000');
INSERT INTO order_info (order_id, factory_name, buyer_id, product_name, trans_mode, quantity, order_time) VALUES ('76577644', 'Douglas, Hoppe and Stark', '10-491-2446', 'Chocolate_Vanilla', 'Train', '168', '2021/12/08 10:19.000');
INSERT INTO order_info (order_id, factory_name, buyer_id, product_name, trans_mode, quantity, order_time) VALUES ('25268437', 'Greenfelder LLC', '30-000-1093', 'Chocolate_Milk', 'Truck', '48', '2022/01/03 17:00.000');
INSERT INTO order_info (order_id, factory_name, buyer_id, product_name, trans_mode, quantity, order_time) VALUES ('84693312', 'Greenfelder LLC', '88-043-5868', 'Chocolate_Strawberry', 'Train', '28', '2022/01/30 21:16.000');
INSERT INTO order_info (order_id, factory_name, buyer_id, product_name, trans_mode, quantity, order_time) VALUES ('53410297', 'Luettgen, Cremin and Bahringer', '10-491-2446', 'Chocolate_White', 'Ship', '43', '2022/08/23 07:45.000');
INSERT INTO order_info (order_id, factory_name, buyer_id, product_name, trans_mode, quantity, order_time) VALUES ('85990679', 'Glover LLC', '59-044-7580', 'Chocolate_Dark', 'Plane', '186', '2021/11/07 12:31.000');
INSERT INTO order_info (order_id, factory_name, buyer_id, product_name, trans_mode, quantity, order_time) VALUES ('59424125', 'Glover LLC', '10-491-2446', 'Chocolate_Dark', 'Truck', '27', '2022/02/21 22:56.000');
INSERT INTO order_info (order_id, factory_name, buyer_id, product_name, trans_mode, quantity, order_time) VALUES ('97087537', 'Douglas, Hoppe and Stark', '97-594-3740', 'Chocolate_White', 'Plane', '112', '2022/10/04 19:07.000');
INSERT INTO order_info (order_id, factory_name, buyer_id, product_name, trans_mode, quantity, order_time) VALUES ('92652632', 'Kling Inc', '88-043-5868', 'Chocolate_Almond', 'Ship', '196', '2022/06/29 10:53.000');
INSERT INTO order_info (order_id, factory_name, buyer_id, product_name, trans_mode, quantity, order_time) VALUES ('14224321', 'Dibbert, Mitchell and Dooley', '57-347-6202', 'Chocolate_Vanilla', 'Ship', '140', '2021/11/22 15:02.000');
INSERT INTO order_info (order_id, factory_name, buyer_id, product_name, trans_mode, quantity, order_time) VALUES ('33697592', 'Howell Group', '57-347-6202', 'Chocolate_Cake', 'Train', '36', '2022/02/16 09:51.000');
INSERT INTO order_info (order_id, factory_name, buyer_id, product_name, trans_mode, quantity, order_time) VALUES ('73961187', 'Dibbert, Mitchell and Dooley', '07-455-6634', 'Chocolate_Cinnamon', 'Train', '104', '2022/08/04 09:43.000');
INSERT INTO order_info (order_id, factory_name, buyer_id, product_name, trans_mode, quantity, order_time) VALUES ('59122055', 'Douglas, Hoppe and Stark', '57-347-6202', 'Chocolate_White', 'Ship', '157', '2022/04/08 00:34.000');
INSERT INTO order_info (order_id, factory_name, buyer_id, product_name, trans_mode, quantity, order_time) VALUES ('77349457', 'Howell Group', '07-455-6634', 'Chocolate_Spread', 'Train', '2', '2021/12/22 21:07.000');
INSERT INTO order_info (order_id, factory_name, buyer_id, product_name, trans_mode, quantity, order_time) VALUES ('30926933', 'Glover LLC', '59-044-7580', 'Chocolate_Cake', 'Truck', '67', '2022/06/30 15:45.000');
INSERT INTO order_info (order_id, factory_name, buyer_id, product_name, trans_mode, quantity, order_time) VALUES ('40999686', 'Weissnat, Bernhard and Kuhlman', '05-531-1158', 'Chocolate_Strawberry', 'Truck', '96', '2022/09/12 11:48.000');
INSERT INTO order_info (order_id, factory_name, buyer_id, product_name, trans_mode, quantity, order_time) VALUES ('67202866', 'Rippin, Strosin and Champlin', '57-347-6202', 'Chocolate_Dark', 'Train', '187', '2022/05/14 20:09.000');
INSERT INTO order_info (order_id, factory_name, buyer_id, product_name, trans_mode, quantity, order_time) VALUES ('05705833', 'Kling Inc', '77-639-8358', 'Chocolate_Milk', 'Truck', '21', '2022/05/01 18:35.000');
INSERT INTO order_info (order_id, factory_name, buyer_id, product_name, trans_mode, quantity, order_time) VALUES ('73119651', 'Glover LLC', '97-594-3740', 'Chocolate_Dark', 'Plane', '194', '2022/03/17 05:45.000');
INSERT INTO order_info (order_id, factory_name, buyer_id, product_name, trans_mode, quantity, order_time) VALUES ('52892428', 'Luettgen, Cremin and Bahringer', '57-347-6202', 'Chocolate_Dark', 'Plane', '127', '2022/02/07 06:02.000');
INSERT INTO order_info (order_id, factory_name, buyer_id, product_name, trans_mode, quantity, order_time) VALUES ('08412688', 'Rippin, Strosin and Champlin', '77-639-8358', 'Chocolate_Spread', 'Train', '43', '2022/03/04 04:17.000');
INSERT INTO order_info (order_id, factory_name, buyer_id, product_name, trans_mode, quantity, order_time) VALUES ('12328331', 'Glover LLC', '59-044-7580', 'Chocolate_White', 'Train', '150', '2022/02/02 07:10.000');
INSERT INTO order_info (order_id, factory_name, buyer_id, product_name, trans_mode, quantity, order_time) VALUES ('68270496', 'Douglas, Hoppe and Stark', '97-594-3740', 'Chocolate_White', 'Ship', '154', '2021/11/09 06:48.000');
INSERT INTO order_info (order_id, factory_name, buyer_id, product_name, trans_mode, quantity, order_time) VALUES ('81165071', 'Glover LLC', '05-531-1158', 'Chocolate_White', 'Ship', '197', '2022/03/03 18:23.000');
INSERT INTO order_info (order_id, factory_name, buyer_id, product_name, trans_mode, quantity, order_time) VALUES ('21157530', 'Dibbert, Mitchell and Dooley', '07-455-6634', 'Chocolate_Dark', 'Ship', '126', '2022/05/05 18:51.000');
INSERT INTO order_info (order_id, factory_name, buyer_id, product_name, trans_mode, quantity, order_time) VALUES ('14007616', 'Glover LLC', '10-491-2446', 'Chocolate_Dark', 'Ship', '109', '2021/10/14 02:59.000');
INSERT INTO order_info (order_id, factory_name, buyer_id, product_name, trans_mode, quantity, order_time) VALUES ('39795007', 'Luettgen, Cremin and Bahringer', '88-043-5868', 'Chocolate_Dark', 'Truck', '93', '2021/12/24 01:38.000');
INSERT INTO order_info (order_id, factory_name, buyer_id, product_name, trans_mode, quantity, order_time) VALUES ('07804594', 'Kling Inc', '77-639-8358', 'Chocolate_Dark', 'Ship', '100', '2021/11/22 10:11.000');
INSERT INTO order_info (order_id, factory_name, buyer_id, product_name, trans_mode, quantity, order_time) VALUES ('32005150', 'Kling Inc', '30-000-1093', 'Chocolate_Cinnamon', 'Train', '73', '2022/08/18 00:56.000');
INSERT INTO order_info (order_id, factory_name, buyer_id, product_name, trans_mode, quantity, order_time) VALUES ('91099694', 'Howell Group', '97-594-3740', 'Chocolate_Cinnamon', 'Ship', '118', '2022/08/04 01:09.000');
INSERT INTO order_info (order_id, factory_name, buyer_id, product_name, trans_mode, quantity, order_time) VALUES ('07050373', 'Howell Group', '54-411-1467', 'Chocolate_Cinnamon', 'Ship', '67', '2022/09/12 01:45.000');
INSERT INTO order_info (order_id, factory_name, buyer_id, product_name, trans_mode, quantity, order_time) VALUES ('92942058', 'Dibbert, Mitchell and Dooley', '77-639-8358', 'Chocolate_Vanilla', 'Truck', '38', '2021/12/22 08:03.000');
INSERT INTO order_info (order_id, factory_name, buyer_id, product_name, trans_mode, quantity, order_time) VALUES ('64474249', 'Greenfelder LLC', '88-043-5868', 'Chocolate_Vanilla', 'Plane', '19', '2022/01/23 13:51.000');
INSERT INTO order_info (order_id, factory_name, buyer_id, product_name, trans_mode, quantity, order_time) VALUES ('08057101', 'Rippin, Strosin and Champlin', '05-531-1158', 'Chocolate_Cake', 'Ship', '40', '2021/11/01 08:44.000');
INSERT INTO order_info (order_id, factory_name, buyer_id, product_name, trans_mode, quantity, order_time) VALUES ('36370545', 'Kuhic-Ullrich', '05-531-1158', 'Chocolate_Spread', 'Train', '167', '2022/08/20 19:27.000');
INSERT INTO order_info (order_id, factory_name, buyer_id, product_name, trans_mode, quantity, order_time) VALUES ('23723114', 'Luettgen, Cremin and Bahringer', '77-639-8358', 'Chocolate_Cake', 'Truck', '69', '2022/08/11 22:38.000');
INSERT INTO order_info (order_id, factory_name, buyer_id, product_name, trans_mode, quantity, order_time) VALUES ('69219559', 'Greenfelder LLC', '54-411-1467', 'Chocolate_Milk', 'Train', '165', '2022/01/27 03:02.000');
INSERT INTO order_info (order_id, factory_name, buyer_id, product_name, trans_mode, quantity, order_time) VALUES ('44828316', 'Douglas, Hoppe and Stark', '30-000-1093', 'Chocolate_Spread', 'Truck', '49', '2022/01/23 17:55.000');
INSERT INTO order_info (order_id, factory_name, buyer_id, product_name, trans_mode, quantity, order_time) VALUES ('64776844', 'Howell Group', '97-594-3740', 'Chocolate_Dark', 'Ship', '165', '2021/11/06 03:44.000');
INSERT INTO order_info (order_id, factory_name, buyer_id, product_name, trans_mode, quantity, order_time) VALUES ('61903657', 'Douglas, Hoppe and Stark', '97-594-3740', 'Chocolate_Almond', 'Truck', '131', '2022/08/02 10:38.000');
INSERT INTO order_info (order_id, factory_name, buyer_id, product_name, trans_mode, quantity, order_time) VALUES ('01930452', 'Howell Group', '77-639-8358', 'Chocolate_Dark', 'Plane', '60', '2022/09/04 13:11.000');
INSERT INTO order_info (order_id, factory_name, buyer_id, product_name, trans_mode, quantity, order_time) VALUES ('27534596', 'Greenfelder LLC', '77-639-8358', 'Chocolate_Dark', 'Train', '139', '2021/11/13 18:13.000');
INSERT INTO order_info (order_id, factory_name, buyer_id, product_name, trans_mode, quantity, order_time) VALUES ('08053483', 'Kling Inc', '54-411-1467', 'Chocolate_Strawberry', 'Plane', '100', '2022/02/17 15:55.000');
INSERT INTO order_info (order_id, factory_name, buyer_id, product_name, trans_mode, quantity, order_time) VALUES ('39918588', 'Douglas, Hoppe and Stark', '59-044-7580', 'Chocolate_Cinnamon', 'Plane', '170', '2022/03/28 02:53.000');
INSERT INTO order_info (order_id, factory_name, buyer_id, product_name, trans_mode, quantity, order_time) VALUES ('42141945', 'Kuhic-Ullrich', '88-043-5868', 'Chocolate_Milk', 'Train', '170', '2021/10/11 10:34.000');
INSERT INTO order_info (order_id, factory_name, buyer_id, product_name, trans_mode, quantity, order_time) VALUES ('29228035', 'Greenfelder LLC', '88-043-5868', 'Chocolate_Cinnamon', 'Train', '160', '2021/10/16 02:17.000');
INSERT INTO order_info (order_id, factory_name, buyer_id, product_name, trans_mode, quantity, order_time) VALUES ('85537054', 'Kuhic-Ullrich', '57-347-6202', 'Chocolate_Cake', 'Truck', '198', '2022/05/10 09:38.000');
INSERT INTO order_info (order_id, factory_name, buyer_id, product_name, trans_mode, quantity, order_time) VALUES ('93890836', 'Weissnat, Bernhard and Kuhlman', '97-594-3740', 'Chocolate_Milk', 'Truck', '27', '2021/10/12 00:57.000');
INSERT INTO order_info (order_id, factory_name, buyer_id, product_name, trans_mode, quantity, order_time) VALUES ('79010898', 'Howell Group', '88-043-5868', 'Chocolate_White', 'Plane', '33', '2021/12/25 09:25.000');
INSERT INTO order_info (order_id, factory_name, buyer_id, product_name, trans_mode, quantity, order_time) VALUES ('46538860', 'Kuhic-Ullrich', '97-594-3740', 'Chocolate_Vanilla', 'Plane', '120', '2022/04/03 15:12.000');
INSERT INTO order_info (order_id, factory_name, buyer_id, product_name, trans_mode, quantity, order_time) VALUES ('56870140', 'Douglas, Hoppe and Stark', '54-411-1467', 'Chocolate_Dark', 'Ship', '8', '2021/10/14 03:38.000');
INSERT INTO order_info (order_id, factory_name, buyer_id, product_name, trans_mode, quantity, order_time) VALUES ('91938208', 'Dibbert, Mitchell and Dooley', '54-411-1467', 'Chocolate_Milk', 'Truck', '91', '2022/05/20 07:03.000');
INSERT INTO order_info (order_id, factory_name, buyer_id, product_name, trans_mode, quantity, order_time) VALUES ('43464962', 'Rippin, Strosin and Champlin', '54-411-1467', 'Chocolate_Cinnamon', 'Plane', '11', '2022/08/22 09:55.000');
INSERT INTO order_info (order_id, factory_name, buyer_id, product_name, trans_mode, quantity, order_time) VALUES ('83252076', 'Howell Group', '54-411-1467', 'Chocolate_Cinnamon', 'Ship', '169', '2021/10/09 02:03.000');
INSERT INTO order_info (order_id, factory_name, buyer_id, product_name, trans_mode, quantity, order_time) VALUES ('52554783', 'Douglas, Hoppe and Stark', '10-491-2446', 'Chocolate_Milk', 'Plane', '56', '2022/07/06 23:40.000');
INSERT INTO order_info (order_id, factory_name, buyer_id, product_name, trans_mode, quantity, order_time) VALUES ('50210963', 'Kling Inc', '77-639-8358', 'Chocolate_Strawberry', 'Train', '40', '2022/06/10 05:53.000');
INSERT INTO order_info (order_id, factory_name, buyer_id, product_name, trans_mode, quantity, order_time) VALUES ('46594862', 'Greenfelder LLC', '54-411-1467', 'Chocolate_White', 'Plane', '59', '2022/09/08 08:34.000');
INSERT INTO order_info (order_id, factory_name, buyer_id, product_name, trans_mode, quantity, order_time) VALUES ('40723654', 'Howell Group', '97-594-3740', 'Chocolate_White', 'Plane', '119', '2022/01/27 16:33.000');
INSERT INTO order_info (order_id, factory_name, buyer_id, product_name, trans_mode, quantity, order_time) VALUES ('56542906', 'Glover LLC', '30-000-1093', 'Chocolate_Cake', 'Plane', '112', '2022/10/24 18:43.000');
INSERT INTO order_info (order_id, factory_name, buyer_id, product_name, trans_mode, quantity, order_time) VALUES ('36547293', 'Rippin, Strosin and Champlin', '77-639-8358', 'Chocolate_Cake', 'Train', '143', '2022/08/06 22:18.000');
INSERT INTO order_info (order_id, factory_name, buyer_id, product_name, trans_mode, quantity, order_time) VALUES ('04898107', 'Dibbert, Mitchell and Dooley', '07-455-6634', 'Chocolate_White', 'Train', '48', '2022/05/04 22:57.000');
INSERT INTO order_info (order_id, factory_name, buyer_id, product_name, trans_mode, quantity, order_time) VALUES ('48742602', 'Rippin, Strosin and Champlin', '05-531-1158', 'Chocolate_Cake', 'Ship', '111', '2021/10/24 21:59.000');
INSERT INTO order_info (order_id, factory_name, buyer_id, product_name, trans_mode, quantity, order_time) VALUES ('38799413', 'Weissnat, Bernhard and Kuhlman', '57-347-6202', 'Chocolate_Almond', 'Ship', '127', '2022/04/26 06:44.000');
INSERT INTO order_info (order_id, factory_name, buyer_id, product_name, trans_mode, quantity, order_time) VALUES ('79084577', 'Greenfelder LLC', '59-044-7580', 'Chocolate_Cinnamon', 'Train', '178', '2021/12/14 07:05.000');
INSERT INTO order_info (order_id, factory_name, buyer_id, product_name, trans_mode, quantity, order_time) VALUES ('11218430', 'Douglas, Hoppe and Stark', '05-531-1158', 'Chocolate_Cinnamon', 'Ship', '94', '2022/05/04 03:12.000');
INSERT INTO order_info (order_id, factory_name, buyer_id, product_name, trans_mode, quantity, order_time) VALUES ('02914035', 'Kling Inc', '54-411-1467', 'Chocolate_White', 'Plane', '167', '2022/08/20 10:36.000');
INSERT INTO order_info (order_id, factory_name, buyer_id, product_name, trans_mode, quantity, order_time) VALUES ('59144382', 'Kuhic-Ullrich', '88-043-5868', 'Chocolate_Almond', 'Ship', '95', '2022/10/07 13:21.000');
INSERT INTO order_info (order_id, factory_name, buyer_id, product_name, trans_mode, quantity, order_time) VALUES ('16580664', 'Greenfelder LLC', '88-043-5868', 'Chocolate_Cake', 'Train', '99', '2022/01/27 01:17.000');
INSERT INTO order_info (order_id, factory_name, buyer_id, product_name, trans_mode, quantity, order_time) VALUES ('45430742', 'Rippin, Strosin and Champlin', '88-043-5868', 'Chocolate_Vanilla', 'Plane', '133', '2022/08/13 15:42.000');
INSERT INTO order_info (order_id, factory_name, buyer_id, product_name, trans_mode, quantity, order_time) VALUES ('22210334', 'Kuhic-Ullrich', '30-000-1093', 'Chocolate_Dark', 'Ship', '64', '2022/02/22 06:17.000');
INSERT INTO order_info (order_id, factory_name, buyer_id, product_name, trans_mode, quantity, order_time) VALUES ('54863194', 'Dibbert, Mitchell and Dooley', '30-000-1093', 'Chocolate_Dark', 'Train', '167', '2022/01/05 20:14.000');
INSERT INTO order_info (order_id, factory_name, buyer_id, product_name, trans_mode, quantity, order_time) VALUES ('66020222', 'Dibbert, Mitchell and Dooley', '54-411-1467', 'Chocolate_Vanilla', 'Ship', '38', '2022/03/31 05:59.000');
INSERT INTO order_info (order_id, factory_name, buyer_id, product_name, trans_mode, quantity, order_time) VALUES ('26644292', 'Kuhic-Ullrich', '88-043-5868', 'Chocolate_Vanilla', 'Ship', '86', '2021/12/19 22:54.000');
INSERT INTO order_info (order_id, factory_name, buyer_id, product_name, trans_mode, quantity, order_time) VALUES ('21450383', 'Greenfelder LLC', '77-639-8358', 'Chocolate_Dark', 'Plane', '51', '2022/04/26 11:40.000');
INSERT INTO order_info (order_id, factory_name, buyer_id, product_name, trans_mode, quantity, order_time) VALUES ('85063722', 'Kling Inc', '59-044-7580', 'Chocolate_Cake', 'Plane', '67', '2022/06/09 02:37.000');
INSERT INTO order_info (order_id, factory_name, buyer_id, product_name, trans_mode, quantity, order_time) VALUES ('07048543', 'Dibbert, Mitchell and Dooley', '59-044-7580', 'Chocolate_Cake', 'Plane', '18', '2022/02/22 08:05.000');
INSERT INTO order_info (order_id, factory_name, buyer_id, product_name, trans_mode, quantity, order_time) VALUES ('48969730', 'Luettgen, Cremin and Bahringer', '88-043-5868', 'Chocolate_Cinnamon', 'Train', '70', '2022/02/18 08:14.000');
INSERT INTO order_info (order_id, factory_name, buyer_id, product_name, trans_mode, quantity, order_time) VALUES ('35504366', 'Kling Inc', '59-044-7580', 'Chocolate_Cinnamon', 'Ship', '177', '2022/10/17 23:48.000');
INSERT INTO order_info (order_id, factory_name, buyer_id, product_name, trans_mode, quantity, order_time) VALUES ('95507665', 'Weissnat, Bernhard and Kuhlman', '05-531-1158', 'Chocolate_Almond', 'Truck', '189', '2022/06/16 00:35.000');
INSERT INTO order_info (order_id, factory_name, buyer_id, product_name, trans_mode, quantity, order_time) VALUES ('79351355', 'Greenfelder LLC', '59-044-7580', 'Chocolate_Dark', 'Truck', '112', '2022/09/23 20:06.000');
INSERT INTO order_info (order_id, factory_name, buyer_id, product_name, trans_mode, quantity, order_time) VALUES ('84860076', 'Dibbert, Mitchell and Dooley', '07-455-6634', 'Chocolate_Cinnamon', 'Train', '188', '2022/03/22 09:02.000');
INSERT INTO order_info (order_id, factory_name, buyer_id, product_name, trans_mode, quantity, order_time) VALUES ('48059175', 'Kling Inc', '77-639-8358', 'Chocolate_Almond', 'Plane', '71', '2021/10/16 15:46.000');
INSERT INTO order_info (order_id, factory_name, buyer_id, product_name, trans_mode, quantity, order_time) VALUES ('17168778', 'Kuhic-Ullrich', '07-455-6634', 'Chocolate_Strawberry', 'Ship', '32', '2022/03/02 10:45.000');
INSERT INTO order_info (order_id, factory_name, buyer_id, product_name, trans_mode, quantity, order_time) VALUES ('13042439', 'Kuhic-Ullrich', '10-491-2446', 'Chocolate_Cake', 'Ship', '85', '2022/06/10 03:55.000');
INSERT INTO order_info (order_id, factory_name, buyer_id, product_name, trans_mode, quantity, order_time) VALUES ('38465911', 'Kling Inc', '05-531-1158', 'Chocolate_Dark', 'Train', '127', '2022/03/09 01:41.000');
INSERT INTO order_info (order_id, factory_name, buyer_id, product_name, trans_mode, quantity, order_time) VALUES ('55488268', 'Howell Group', '10-491-2446', 'Chocolate_Vanilla', 'Plane', '122', '2022/01/10 02:51.000');
INSERT INTO order_info (order_id, factory_name, buyer_id, product_name, trans_mode, quantity, order_time) VALUES ('47345992', 'Rippin, Strosin and Champlin', '59-044-7580', 'Chocolate_Cinnamon', 'Truck', '133', '2022/08/27 17:10.000');
INSERT INTO order_info (order_id, factory_name, buyer_id, product_name, trans_mode, quantity, order_time) VALUES ('12344827', 'Douglas, Hoppe and Stark', '59-044-7580', 'Chocolate_Vanilla', 'Truck', '148', '2021/12/10 20:10.000');
INSERT INTO order_info (order_id, factory_name, buyer_id, product_name, trans_mode, quantity, order_time) VALUES ('73457429', 'Douglas, Hoppe and Stark', '10-491-2446', 'Chocolate_White', 'Truck', '88', '2022/01/29 11:57.000');
INSERT INTO order_info (order_id, factory_name, buyer_id, product_name, trans_mode, quantity, order_time) VALUES ('71747818', 'Weissnat, Bernhard and Kuhlman', '59-044-7580', 'Chocolate_Cake', 'Ship', '156', '2022/09/05 12:09.000');
INSERT INTO order_info (order_id, factory_name, buyer_id, product_name, trans_mode, quantity, order_time) VALUES ('11781135', 'Douglas, Hoppe and Stark', '97-594-3740', 'Chocolate_Cake', 'Ship', '193', '2022/02/14 07:15.000');
INSERT INTO order_info (order_id, factory_name, buyer_id, product_name, trans_mode, quantity, order_time) VALUES ('38889265', 'Greenfelder LLC', '10-491-2446', 'Chocolate_Strawberry', 'Ship', '175', '2022/04/05 16:28.000');
INSERT INTO order_info (order_id, factory_name, buyer_id, product_name, trans_mode, quantity, order_time) VALUES ('45954278', 'Douglas, Hoppe and Stark', '07-455-6634', 'Chocolate_Vanilla', 'Train', '192', '2021/12/27 20:10.000');
INSERT INTO order_info (order_id, factory_name, buyer_id, product_name, trans_mode, quantity, order_time) VALUES ('43570094', 'Howell Group', '30-000-1093', 'Chocolate_Cinnamon', 'Truck', '82', '2021/11/02 11:30.000');
INSERT INTO order_info (order_id, factory_name, buyer_id, product_name, trans_mode, quantity, order_time) VALUES ('56166904', 'Dibbert, Mitchell and Dooley', '88-043-5868', 'Chocolate_Vanilla', 'Plane', '112', '2022/01/23 15:26.000');
INSERT INTO order_info (order_id, factory_name, buyer_id, product_name, trans_mode, quantity, order_time) VALUES ('61465668', 'Weissnat, Bernhard and Kuhlman', '10-491-2446', 'Chocolate_Milk', 'Truck', '102', '2022/08/10 05:51.000');
INSERT INTO order_info (order_id, factory_name, buyer_id, product_name, trans_mode, quantity, order_time) VALUES ('96119448', 'Kuhic-Ullrich', '07-455-6634', 'Chocolate_White', 'Truck', '34', '2022/08/18 00:11.000');
INSERT INTO order_info (order_id, factory_name, buyer_id, product_name, trans_mode, quantity, order_time) VALUES ('51153347', 'Greenfelder LLC', '07-455-6634', 'Chocolate_Almond', 'Truck', '197', '2022/02/07 19:18.000');
INSERT INTO order_info (order_id, factory_name, buyer_id, product_name, trans_mode, quantity, order_time) VALUES ('81683973', 'Howell Group', '05-531-1158', 'Chocolate_Almond', 'Ship', '27', '2022/07/28 22:08.000');
INSERT INTO order_info (order_id, factory_name, buyer_id, product_name, trans_mode, quantity, order_time) VALUES ('60781013', 'Douglas, Hoppe and Stark', '30-000-1093', 'Chocolate_Milk', 'Truck', '89', '2022/01/25 06:06.000');
INSERT INTO order_info (order_id, factory_name, buyer_id, product_name, trans_mode, quantity, order_time) VALUES ('66261471', 'Douglas, Hoppe and Stark', '57-347-6202', 'Chocolate_White', 'Truck', '172', '2022/01/06 04:17.000');
INSERT INTO order_info (order_id, factory_name, buyer_id, product_name, trans_mode, quantity, order_time) VALUES ('16666481', 'Luettgen, Cremin and Bahringer', '59-044-7580', 'Chocolate_Milk', 'Plane', '52', '2022/06/09 07:09.000');
INSERT INTO order_info (order_id, factory_name, buyer_id, product_name, trans_mode, quantity, order_time) VALUES ('73609594', 'Luettgen, Cremin and Bahringer', '10-491-2446', 'Chocolate_Dark', 'Plane', '31', '2022/08/01 08:01.000');
INSERT INTO order_info (order_id, factory_name, buyer_id, product_name, trans_mode, quantity, order_time) VALUES ('19529126', 'Rippin, Strosin and Champlin', '10-491-2446', 'Chocolate_Almond', 'Train', '185', '2022/08/20 07:01.000');
INSERT INTO order_info (order_id, factory_name, buyer_id, product_name, trans_mode, quantity, order_time) VALUES ('98395384', 'Howell Group', '88-043-5868', 'Chocolate_Cake', 'Ship', '152', '2022/07/22 17:34.000');
INSERT INTO order_info (order_id, factory_name, buyer_id, product_name, trans_mode, quantity, order_time) VALUES ('66309214', 'Howell Group', '07-455-6634', 'Chocolate_Vanilla', 'Plane', '198', '2022/06/25 10:34.000');
INSERT INTO order_info (order_id, factory_name, buyer_id, product_name, trans_mode, quantity, order_time) VALUES ('43473153', 'Howell Group', '07-455-6634', 'Chocolate_Cake', 'Truck', '146', '2022/03/18 21:59.000');
INSERT INTO order_info (order_id, factory_name, buyer_id, product_name, trans_mode, quantity, order_time) VALUES ('41772974', 'Kuhic-Ullrich', '59-044-7580', 'Chocolate_Spread', 'Truck', '79', '2022/01/18 19:29.000');
INSERT INTO order_info (order_id, factory_name, buyer_id, product_name, trans_mode, quantity, order_time) VALUES ('80976375', 'Kling Inc', '57-347-6202', 'Chocolate_White', 'Truck', '14', '2021/12/06 12:19.000');
INSERT INTO order_info (order_id, factory_name, buyer_id, product_name, trans_mode, quantity, order_time) VALUES ('56731929', 'Glover LLC', '88-043-5868', 'Chocolate_White', 'Plane', '120', '2022/01/08 20:36.000');
INSERT INTO order_info (order_id, factory_name, buyer_id, product_name, trans_mode, quantity, order_time) VALUES ('93575518', 'Kling Inc', '10-491-2446', 'Chocolate_White', 'Truck', '162', '2022/04/26 23:15.000');
INSERT INTO order_info (order_id, factory_name, buyer_id, product_name, trans_mode, quantity, order_time) VALUES ('81232546', 'Luettgen, Cremin and Bahringer', '10-491-2446', 'Chocolate_White', 'Ship', '131', '2022/03/31 05:38.000');
INSERT INTO order_info (order_id, factory_name, buyer_id, product_name, trans_mode, quantity, order_time) VALUES ('75237428', 'Douglas, Hoppe and Stark', '97-594-3740', 'Chocolate_Almond', 'Train', '57', '2021/10/28 16:27.000');
INSERT INTO order_info (order_id, factory_name, buyer_id, product_name, trans_mode, quantity, order_time) VALUES ('60019975', 'Kling Inc', '59-044-7580', 'Chocolate_Milk', 'Train', '163', '2021/12/12 04:14.000');
INSERT INTO order_info (order_id, factory_name, buyer_id, product_name, trans_mode, quantity, order_time) VALUES ('53595638', 'Douglas, Hoppe and Stark', '97-594-3740', 'Chocolate_Spread', 'Truck', '98', '2022/04/13 02:46.000');
INSERT INTO order_info (order_id, factory_name, buyer_id, product_name, trans_mode, quantity, order_time) VALUES ('31201406', 'Dibbert, Mitchell and Dooley', '97-594-3740', 'Chocolate_Dark', 'Truck', '18', '2021/11/16 17:36.000');
INSERT INTO order_info (order_id, factory_name, buyer_id, product_name, trans_mode, quantity, order_time) VALUES ('76827938', 'Howell Group', '05-531-1158', 'Chocolate_Strawberry', 'Train', '129', '2022/05/11 11:29.000');
INSERT INTO order_info (order_id, factory_name, buyer_id, product_name, trans_mode, quantity, order_time) VALUES ('55982314', 'Greenfelder LLC', '97-594-3740', 'Chocolate_Almond', 'Truck', '114', '2022/05/12 06:51.000');
INSERT INTO order_info (order_id, factory_name, buyer_id, product_name, trans_mode, quantity, order_time) VALUES ('05428486', 'Howell Group', '97-594-3740', 'Chocolate_Cinnamon', 'Truck', '49', '2022/08/02 14:50.000');
INSERT INTO order_info (order_id, factory_name, buyer_id, product_name, trans_mode, quantity, order_time) VALUES ('52901072', 'Dibbert, Mitchell and Dooley', '10-491-2446', 'Chocolate_Cinnamon', 'Ship', '47', '2022/08/14 14:09.000');
INSERT INTO order_info (order_id, factory_name, buyer_id, product_name, trans_mode, quantity, order_time) VALUES ('30502375', 'Greenfelder LLC', '97-594-3740', 'Chocolate_Vanilla', 'Train', '64', '2021/11/27 22:34.000');
INSERT INTO order_info (order_id, factory_name, buyer_id, product_name, trans_mode, quantity, order_time) VALUES ('25281751', 'Greenfelder LLC', '10-491-2446', 'Chocolate_Spread', 'Ship', '161', '2022/10/15 05:13.000');
INSERT INTO order_info (order_id, factory_name, buyer_id, product_name, trans_mode, quantity, order_time) VALUES ('11158954', 'Luettgen, Cremin and Bahringer', '77-639-8358', 'Chocolate_Strawberry', 'Plane', '155', '2022/02/06 07:20.000');
INSERT INTO order_info (order_id, factory_name, buyer_id, product_name, trans_mode, quantity, order_time) VALUES ('50404106', 'Greenfelder LLC', '30-000-1093', 'Chocolate_Cake', 'Plane', '140', '2022/07/05 19:03.000');
INSERT INTO order_info (order_id, factory_name, buyer_id, product_name, trans_mode, quantity, order_time) VALUES ('60721956', 'Glover LLC', '88-043-5868', 'Chocolate_White', 'Ship', '135', '2022/04/01 13:24.000');
INSERT INTO order_info (order_id, factory_name, buyer_id, product_name, trans_mode, quantity, order_time) VALUES ('27143451', 'Greenfelder LLC', '07-455-6634', 'Chocolate_Spread', 'Plane', '57', '2022/08/25 15:31.000');
INSERT INTO order_info (order_id, factory_name, buyer_id, product_name, trans_mode, quantity, order_time) VALUES ('44602148', 'Rippin, Strosin and Champlin', '05-531-1158', 'Chocolate_White', 'Train', '175', '2022/09/12 12:47.000');
INSERT INTO order_info (order_id, factory_name, buyer_id, product_name, trans_mode, quantity, order_time) VALUES ('20995130', 'Greenfelder LLC', '07-455-6634', 'Chocolate_Dark', 'Train', '49', '2022/01/27 08:11.000');
INSERT INTO order_info (order_id, factory_name, buyer_id, product_name, trans_mode, quantity, order_time) VALUES ('45421461', 'Howell Group', '57-347-6202', 'Chocolate_Cinnamon', 'Ship', '141', '2022/04/12 18:16.000');
INSERT INTO order_info (order_id, factory_name, buyer_id, product_name, trans_mode, quantity, order_time) VALUES ('82259079', 'Rippin, Strosin and Champlin', '77-639-8358', 'Chocolate_Vanilla', 'Truck', '77', '2021/11/29 05:14.000');
INSERT INTO order_info (order_id, factory_name, buyer_id, product_name, trans_mode, quantity, order_time) VALUES ('23303439', 'Dibbert, Mitchell and Dooley', '30-000-1093', 'Chocolate_Spread', 'Ship', '76', '2022/07/25 22:54.000');
INSERT INTO order_info (order_id, factory_name, buyer_id, product_name, trans_mode, quantity, order_time) VALUES ('89619594', 'Douglas, Hoppe and Stark', '54-411-1467', 'Chocolate_Cinnamon', 'Ship', '94', '2022/05/07 14:44.000');
INSERT INTO order_info (order_id, factory_name, buyer_id, product_name, trans_mode, quantity, order_time) VALUES ('06044428', 'Rippin, Strosin and Champlin', '57-347-6202', 'Chocolate_Vanilla', 'Truck', '48', '2021/10/19 22:28.000');
INSERT INTO order_info (order_id, factory_name, buyer_id, product_name, trans_mode, quantity, order_time) VALUES ('20265156', 'Luettgen, Cremin and Bahringer', '05-531-1158', 'Chocolate_Vanilla', 'Ship', '127', '2022/09/11 20:35.000');
INSERT INTO order_info (order_id, factory_name, buyer_id, product_name, trans_mode, quantity, order_time) VALUES ('48202520', 'Howell Group', '77-639-8358', 'Chocolate_Strawberry', 'Train', '82', '2021/12/11 11:17.000');
INSERT INTO order_info (order_id, factory_name, buyer_id, product_name, trans_mode, quantity, order_time) VALUES ('59833469', 'Luettgen, Cremin and Bahringer', '77-639-8358', 'Chocolate_Spread', 'Ship', '197', '2022/07/09 18:12.000');
INSERT INTO order_info (order_id, factory_name, buyer_id, product_name, trans_mode, quantity, order_time) VALUES ('46311767', 'Glover LLC', '77-639-8358', 'Chocolate_Cake', 'Train', '173', '2021/11/26 19:32.000');
INSERT INTO order_info (order_id, factory_name, buyer_id, product_name, trans_mode, quantity, order_time) VALUES ('74561061', 'Luettgen, Cremin and Bahringer', '54-411-1467', 'Chocolate_Dark', 'Plane', '160', '2021/10/07 17:01.000');
INSERT INTO order_info (order_id, factory_name, buyer_id, product_name, trans_mode, quantity, order_time) VALUES ('38715792', 'Kuhic-Ullrich', '30-000-1093', 'Chocolate_Milk', 'Ship', '195', '2022/09/22 16:43.000');
INSERT INTO order_info (order_id, factory_name, buyer_id, product_name, trans_mode, quantity, order_time) VALUES ('15699603', 'Rippin, Strosin and Champlin', '07-455-6634', 'Chocolate_White', 'Ship', '162', '2022/04/13 12:07.000');
INSERT INTO order_info (order_id, factory_name, buyer_id, product_name, trans_mode, quantity, order_time) VALUES ('31615546', 'Kuhic-Ullrich', '30-000-1093', 'Chocolate_Milk', 'Train', '7', '2022/07/17 23:55.000');
INSERT INTO order_info (order_id, factory_name, buyer_id, product_name, trans_mode, quantity, order_time) VALUES ('22069945', 'Luettgen, Cremin and Bahringer', '07-455-6634', 'Chocolate_Almond', 'Plane', '27', '2022/05/08 05:08.000');
INSERT INTO order_info (order_id, factory_name, buyer_id, product_name, trans_mode, quantity, order_time) VALUES ('36486008', 'Rippin, Strosin and Champlin', '97-594-3740', 'Chocolate_Spread', 'Plane', '36', '2021/10/15 16:14.000');
INSERT INTO order_info (order_id, factory_name, buyer_id, product_name, trans_mode, quantity, order_time) VALUES ('68610234', 'Glover LLC', '97-594-3740', 'Chocolate_Strawberry', 'Plane', '155', '2022/06/02 03:56.000');
INSERT INTO order_info (order_id, factory_name, buyer_id, product_name, trans_mode, quantity, order_time) VALUES ('73284757', 'Kuhic-Ullrich', '59-044-7580', 'Chocolate_Cake', 'Truck', '181', '2022/01/26 22:04.000');
INSERT INTO order_info (order_id, factory_name, buyer_id, product_name, trans_mode, quantity, order_time) VALUES ('45174595', 'Kling Inc', '05-531-1158', 'Chocolate_Cinnamon', 'Plane', '94', '2021/10/19 04:47.000');
INSERT INTO order_info (order_id, factory_name, buyer_id, product_name, trans_mode, quantity, order_time) VALUES ('86716069', 'Douglas, Hoppe and Stark', '97-594-3740', 'Chocolate_Cinnamon', 'Train', '152', '2022/01/04 21:48.000');
INSERT INTO order_info (order_id, factory_name, buyer_id, product_name, trans_mode, quantity, order_time) VALUES ('18702865', 'Luettgen, Cremin and Bahringer', '57-347-6202', 'Chocolate_Strawberry', 'Train', '94', '2022/08/29 16:56.000');
INSERT INTO order_info (order_id, factory_name, buyer_id, product_name, trans_mode, quantity, order_time) VALUES ('42964257', 'Greenfelder LLC', '97-594-3740', 'Chocolate_Strawberry', 'Truck', '7', '2022/03/04 01:29.000');
INSERT INTO order_info (order_id, factory_name, buyer_id, product_name, trans_mode, quantity, order_time) VALUES ('36636704', 'Howell Group', '54-411-1467', 'Chocolate_Dark', 'Ship', '195', '2021/10/31 12:13.000');
INSERT INTO order_info (order_id, factory_name, buyer_id, product_name, trans_mode, quantity, order_time) VALUES ('59578668', 'Douglas, Hoppe and Stark', '88-043-5868', 'Chocolate_Strawberry', 'Train', '128', '2022/09/30 08:02.000');
INSERT INTO order_info (order_id, factory_name, buyer_id, product_name, trans_mode, quantity, order_time) VALUES ('37122544', 'Dibbert, Mitchell and Dooley', '57-347-6202', 'Chocolate_Milk', 'Ship', '43', '2022/07/30 03:25.000');
INSERT INTO order_info (order_id, factory_name, buyer_id, product_name, trans_mode, quantity, order_time) VALUES ('50635541', 'Weissnat, Bernhard and Kuhlman', '10-491-2446', 'Chocolate_Milk', 'Ship', '77', '2022/08/20 20:34.000');
INSERT INTO order_info (order_id, factory_name, buyer_id, product_name, trans_mode, quantity, order_time) VALUES ('26644223', 'Weissnat, Bernhard and Kuhlman', '57-347-6202', 'Chocolate_Cinnamon', 'Ship', '96', '2022/03/24 01:18.000');
INSERT INTO order_info (order_id, factory_name, buyer_id, product_name, trans_mode, quantity, order_time) VALUES ('94981837', 'Howell Group', '54-411-1467', 'Chocolate_White', 'Train', '138', '2022/07/06 08:01.000');
INSERT INTO order_info (order_id, factory_name, buyer_id, product_name, trans_mode, quantity, order_time) VALUES ('40393023', 'Dibbert, Mitchell and Dooley', '77-639-8358', 'Chocolate_Almond', 'Plane', '171', '2022/04/30 14:06.000');
INSERT INTO order_info (order_id, factory_name, buyer_id, product_name, trans_mode, quantity, order_time) VALUES ('97498001', 'Weissnat, Bernhard and Kuhlman', '97-594-3740', 'Chocolate_Cinnamon', 'Ship', '56', '2022/05/29 08:33.000');
INSERT INTO order_info (order_id, factory_name, buyer_id, product_name, trans_mode, quantity, order_time) VALUES ('63923496', 'Weissnat, Bernhard and Kuhlman', '97-594-3740', 'Chocolate_Dark', 'Truck', '73', '2022/05/06 19:49.000');
INSERT INTO order_info (order_id, factory_name, buyer_id, product_name, trans_mode, quantity, order_time) VALUES ('69206749', 'Kling Inc', '88-043-5868', 'Chocolate_Almond', 'Ship', '198', '2022/05/18 07:54.000');
INSERT INTO order_info (order_id, factory_name, buyer_id, product_name, trans_mode, quantity, order_time) VALUES ('56555424', 'Dibbert, Mitchell and Dooley', '88-043-5868', 'Chocolate_Strawberry', 'Truck', '38', '2022/10/06 23:39.000');
INSERT INTO order_info (order_id, factory_name, buyer_id, product_name, trans_mode, quantity, order_time) VALUES ('06759025', 'Rippin, Strosin and Champlin', '77-639-8358', 'Chocolate_Cake', 'Plane', '94', '2022/09/29 09:42.000');
INSERT INTO order_info (order_id, factory_name, buyer_id, product_name, trans_mode, quantity, order_time) VALUES ('96646184', 'Greenfelder LLC', '05-531-1158', 'Chocolate_Cinnamon', 'Truck', '160', '2022/10/09 02:49.000');
INSERT INTO order_info (order_id, factory_name, buyer_id, product_name, trans_mode, quantity, order_time) VALUES ('00690482', 'Kling Inc', '57-347-6202', 'Chocolate_Strawberry', 'Plane', '176', '2022/05/17 09:46.000');
INSERT INTO order_info (order_id, factory_name, buyer_id, product_name, trans_mode, quantity, order_time) VALUES ('77220452', 'Weissnat, Bernhard and Kuhlman', '30-000-1093', 'Chocolate_Cake', 'Truck', '56', '2022/09/17 18:39.000');
INSERT INTO order_info (order_id, factory_name, buyer_id, product_name, trans_mode, quantity, order_time) VALUES ('99503551', 'Rippin, Strosin and Champlin', '07-455-6634', 'Chocolate_Almond', 'Ship', '123', '2021/10/23 10:10.000');
INSERT INTO order_info (order_id, factory_name, buyer_id, product_name, trans_mode, quantity, order_time) VALUES ('82336980', 'Howell Group', '59-044-7580', 'Chocolate_Vanilla', 'Ship', '81', '2021/12/21 03:10.000');
INSERT INTO order_info (order_id, factory_name, buyer_id, product_name, trans_mode, quantity, order_time) VALUES ('71469567', 'Luettgen, Cremin and Bahringer', '07-455-6634', 'Chocolate_Almond', 'Ship', '8', '2021/10/22 16:29.000');
INSERT INTO order_info (order_id, factory_name, buyer_id, product_name, trans_mode, quantity, order_time) VALUES ('25217962', 'Kling Inc', '59-044-7580', 'Chocolate_Vanilla', 'Plane', '193', '2022/05/30 08:09.000');
INSERT INTO order_info (order_id, factory_name, buyer_id, product_name, trans_mode, quantity, order_time) VALUES ('52957023', 'Luettgen, Cremin and Bahringer', '05-531-1158', 'Chocolate_White', 'Ship', '26', '2022/08/31 11:32.000');
INSERT INTO order_info (order_id, factory_name, buyer_id, product_name, trans_mode, quantity, order_time) VALUES ('66450496', 'Greenfelder LLC', '54-411-1467', 'Chocolate_Strawberry', 'Train', '197', '2022/09/21 02:59.000');
INSERT INTO order_info (order_id, factory_name, buyer_id, product_name, trans_mode, quantity, order_time) VALUES ('18263143', 'Greenfelder LLC', '59-044-7580', 'Chocolate_Strawberry', 'Truck', '27', '2021/12/01 01:06.000');
INSERT INTO order_info (order_id, factory_name, buyer_id, product_name, trans_mode, quantity, order_time) VALUES ('91634989', 'Luettgen, Cremin and Bahringer', '77-639-8358', 'Chocolate_Almond', 'Plane', '80', '2022/09/27 14:38.000');
INSERT INTO order_info (order_id, factory_name, buyer_id, product_name, trans_mode, quantity, order_time) VALUES ('07754660', 'Weissnat, Bernhard and Kuhlman', '97-594-3740', 'Chocolate_Almond', 'Ship', '108', '2022/07/01 13:36.000');
INSERT INTO order_info (order_id, factory_name, buyer_id, product_name, trans_mode, quantity, order_time) VALUES ('35981219', 'Luettgen, Cremin and Bahringer', '97-594-3740', 'Chocolate_Cinnamon', 'Ship', '16', '2022/10/13 10:57.000');
INSERT INTO order_info (order_id, factory_name, buyer_id, product_name, trans_mode, quantity, order_time) VALUES ('69766592', 'Howell Group', '59-044-7580', 'Chocolate_Spread', 'Train', '121', '2022/06/23 07:28.000');
INSERT INTO order_info (order_id, factory_name, buyer_id, product_name, trans_mode, quantity, order_time) VALUES ('96101202', 'Rippin, Strosin and Champlin', '54-411-1467', 'Chocolate_Milk', 'Ship', '145', '2022/05/04 07:17.000');
INSERT INTO order_info (order_id, factory_name, buyer_id, product_name, trans_mode, quantity, order_time) VALUES ('11180062', 'Kling Inc', '97-594-3740', 'Chocolate_Strawberry', 'Train', '35', '2022/05/12 11:34.000');
INSERT INTO order_info (order_id, factory_name, buyer_id, product_name, trans_mode, quantity, order_time) VALUES ('76072641', 'Greenfelder LLC', '97-594-3740', 'Chocolate_Vanilla', 'Truck', '169', '2022/03/18 14:13.000');
INSERT INTO order_info (order_id, factory_name, buyer_id, product_name, trans_mode, quantity, order_time) VALUES ('38517729', 'Kling Inc', '10-491-2446', 'Chocolate_Vanilla', 'Plane', '41', '2022/02/02 01:42.000');
INSERT INTO order_info (order_id, factory_name, buyer_id, product_name, trans_mode, quantity, order_time) VALUES ('93490870', 'Weissnat, Bernhard and Kuhlman', '05-531-1158', 'Chocolate_White', 'Plane', '129', '2021/11/12 01:15.000');
INSERT INTO order_info (order_id, factory_name, buyer_id, product_name, trans_mode, quantity, order_time) VALUES ('08404366', 'Luettgen, Cremin and Bahringer', '97-594-3740', 'Chocolate_Vanilla', 'Truck', '11', '2022/03/07 04:56.000');
INSERT INTO order_info (order_id, factory_name, buyer_id, product_name, trans_mode, quantity, order_time) VALUES ('79640137', 'Greenfelder LLC', '59-044-7580', 'Chocolate_White', 'Plane', '146', '2021/12/11 12:30.000');
INSERT INTO order_info (order_id, factory_name, buyer_id, product_name, trans_mode, quantity, order_time) VALUES ('89460833', 'Weissnat, Bernhard and Kuhlman', '88-043-5868', 'Chocolate_Almond', 'Train', '25', '2022/03/12 00:51.000');
INSERT INTO order_info (order_id, factory_name, buyer_id, product_name, trans_mode, quantity, order_time) VALUES ('01269304', 'Kling Inc', '88-043-5868', 'Chocolate_Almond', 'Ship', '88', '2021/10/03 01:51.000');
INSERT INTO order_info (order_id, factory_name, buyer_id, product_name, trans_mode, quantity, order_time) VALUES ('51495656', 'Rippin, Strosin and Champlin', '07-455-6634', 'Chocolate_Vanilla', 'Ship', '160', '2022/10/08 01:00.000');
INSERT INTO order_info (order_id, factory_name, buyer_id, product_name, trans_mode, quantity, order_time) VALUES ('31770648', 'Dibbert, Mitchell and Dooley', '77-639-8358', 'Chocolate_Cake', 'Truck', '101', '2021/10/04 22:53.000');
INSERT INTO order_info (order_id, factory_name, buyer_id, product_name, trans_mode, quantity, order_time) VALUES ('99351282', 'Howell Group', '77-639-8358', 'Chocolate_White', 'Truck', '178', '2022/10/08 11:32.000');
INSERT INTO order_info (order_id, factory_name, buyer_id, product_name, trans_mode, quantity, order_time) VALUES ('03019240', 'Dibbert, Mitchell and Dooley', '30-000-1093', 'Chocolate_Spread', 'Train', '141', '2022/05/30 00:07.000');
INSERT INTO order_info (order_id, factory_name, buyer_id, product_name, trans_mode, quantity, order_time) VALUES ('77916479', 'Kling Inc', '88-043-5868', 'Chocolate_White', 'Plane', '74', '2021/12/25 18:32.000');
INSERT INTO order_info (order_id, factory_name, buyer_id, product_name, trans_mode, quantity, order_time) VALUES ('72868769', 'Howell Group', '07-455-6634', 'Chocolate_Almond', 'Ship', '27', '2022/09/06 19:09.000');
INSERT INTO order_info (order_id, factory_name, buyer_id, product_name, trans_mode, quantity, order_time) VALUES ('36943551', 'Luettgen, Cremin and Bahringer', '57-347-6202', 'Chocolate_Vanilla', 'Truck', '143', '2022/07/19 22:04.000');
INSERT INTO order_info (order_id, factory_name, buyer_id, product_name, trans_mode, quantity, order_time) VALUES ('04591586', 'Luettgen, Cremin and Bahringer', '77-639-8358', 'Chocolate_Dark', 'Plane', '51', '2021/11/19 13:57.000');
INSERT INTO order_info (order_id, factory_name, buyer_id, product_name, trans_mode, quantity, order_time) VALUES ('81857120', 'Kuhic-Ullrich', '05-531-1158', 'Chocolate_Spread', 'Ship', '169', '2022/01/10 15:01.000');
INSERT INTO order_info (order_id, factory_name, buyer_id, product_name, trans_mode, quantity, order_time) VALUES ('28963153', 'Luettgen, Cremin and Bahringer', '77-639-8358', 'Chocolate_White', 'Train', '20', '2022/02/12 07:46.000');
INSERT INTO order_info (order_id, factory_name, buyer_id, product_name, trans_mode, quantity, order_time) VALUES ('91201913', 'Greenfelder LLC', '97-594-3740', 'Chocolate_Dark', 'Plane', '71', '2022/06/27 04:29.000');
INSERT INTO order_info (order_id, factory_name, buyer_id, product_name, trans_mode, quantity, order_time) VALUES ('06215815', 'Howell Group', '88-043-5868', 'Chocolate_Cake', 'Ship', '41', '2022/04/11 20:57.000');
INSERT INTO order_info (order_id, factory_name, buyer_id, product_name, trans_mode, quantity, order_time) VALUES ('38366063', 'Luettgen, Cremin and Bahringer', '07-455-6634', 'Chocolate_White', 'Train', '124', '2022/01/08 20:29.000');
INSERT INTO order_info (order_id, factory_name, buyer_id, product_name, trans_mode, quantity, order_time) VALUES ('13727683', 'Weissnat, Bernhard and Kuhlman', '88-043-5868', 'Chocolate_Cinnamon', 'Train', '58', '2022/08/31 17:47.000');
INSERT INTO order_info (order_id, factory_name, buyer_id, product_name, trans_mode, quantity, order_time) VALUES ('93345328', 'Weissnat, Bernhard and Kuhlman', '97-594-3740', 'Chocolate_Vanilla', 'Plane', '80', '2022/08/19 20:11.000');
INSERT INTO order_info (order_id, factory_name, buyer_id, product_name, trans_mode, quantity, order_time) VALUES ('98496054', 'Douglas, Hoppe and Stark', '77-639-8358', 'Chocolate_Strawberry', 'Train', '48', '2022/06/14 05:33.000');
INSERT INTO order_info (order_id, factory_name, buyer_id, product_name, trans_mode, quantity, order_time) VALUES ('80359581', 'Greenfelder LLC', '30-000-1093', 'Chocolate_Vanilla', 'Truck', '107', '2022/01/27 12:22.000');
INSERT INTO order_info (order_id, factory_name, buyer_id, product_name, trans_mode, quantity, order_time) VALUES ('39040527', 'Howell Group', '30-000-1093', 'Chocolate_Almond', 'Truck', '55', '2022/04/27 18:41.000');
INSERT INTO order_info (order_id, factory_name, buyer_id, product_name, trans_mode, quantity, order_time) VALUES ('95183030', 'Kuhic-Ullrich', '10-491-2446', 'Chocolate_Almond', 'Train', '103', '2022/02/20 16:39.000');
INSERT INTO order_info (order_id, factory_name, buyer_id, product_name, trans_mode, quantity, order_time) VALUES ('26431109', 'Glover LLC', '97-594-3740', 'Chocolate_Dark', 'Ship', '21', '2022/01/14 16:57.000');
INSERT INTO order_info (order_id, factory_name, buyer_id, product_name, trans_mode, quantity, order_time) VALUES ('24059647', 'Glover LLC', '10-491-2446', 'Chocolate_Milk', 'Truck', '30', '2022/05/03 22:07.000');
INSERT INTO order_info (order_id, factory_name, buyer_id, product_name, trans_mode, quantity, order_time) VALUES ('74817789', 'Luettgen, Cremin and Bahringer', '30-000-1093', 'Chocolate_Cake', 'Ship', '41', '2021/12/07 21:07.000');
INSERT INTO order_info (order_id, factory_name, buyer_id, product_name, trans_mode, quantity, order_time) VALUES ('74916539', 'Douglas, Hoppe and Stark', '57-347-6202', 'Chocolate_Cinnamon', 'Ship', '41', '2022/03/12 01:44.000');
INSERT INTO order_info (order_id, factory_name, buyer_id, product_name, trans_mode, quantity, order_time) VALUES ('54247537', 'Weissnat, Bernhard and Kuhlman', '07-455-6634', 'Chocolate_Almond', 'Truck', '32', '2022/05/03 18:10.000');
INSERT INTO order_info (order_id, factory_name, buyer_id, product_name, trans_mode, quantity, order_time) VALUES ('16645618', 'Glover LLC', '97-594-3740', 'Chocolate_Spread', 'Train', '49', '2022/05/05 06:21.000');
INSERT INTO order_info (order_id, factory_name, buyer_id, product_name, trans_mode, quantity, order_time) VALUES ('79803701', 'Luettgen, Cremin and Bahringer', '88-043-5868', 'Chocolate_Spread', 'Plane', '186', '2022/02/18 18:41.000');
INSERT INTO order_info (order_id, factory_name, buyer_id, product_name, trans_mode, quantity, order_time) VALUES ('18037376', 'Luettgen, Cremin and Bahringer', '10-491-2446', 'Chocolate_Strawberry', 'Truck', '175', '2022/07/12 22:38.000');
INSERT INTO order_info (order_id, factory_name, buyer_id, product_name, trans_mode, quantity, order_time) VALUES ('71531587', 'Howell Group', '07-455-6634', 'Chocolate_White', 'Train', '71', '2022/02/02 17:02.000');
INSERT INTO order_info (order_id, factory_name, buyer_id, product_name, trans_mode, quantity, order_time) VALUES ('63234710', 'Glover LLC', '07-455-6634', 'Chocolate_Almond', 'Truck', '131', '2021/11/11 11:20.000');
INSERT INTO order_info (order_id, factory_name, buyer_id, product_name, trans_mode, quantity, order_time) VALUES ('69185293', 'Greenfelder LLC', '54-411-1467', 'Chocolate_Cake', 'Ship', '165', '2022/02/22 13:02.000');
INSERT INTO order_info (order_id, factory_name, buyer_id, product_name, trans_mode, quantity, order_time) VALUES ('48249263', 'Rippin, Strosin and Champlin', '57-347-6202', 'Chocolate_Dark', 'Plane', '192', '2021/11/18 09:53.000');
INSERT INTO order_info (order_id, factory_name, buyer_id, product_name, trans_mode, quantity, order_time) VALUES ('30930891', 'Kling Inc', '30-000-1093', 'Chocolate_Strawberry', 'Ship', '53', '2021/11/30 23:26.000');
INSERT INTO order_info (order_id, factory_name, buyer_id, product_name, trans_mode, quantity, order_time) VALUES ('24543670', 'Kling Inc', '88-043-5868', 'Chocolate_Milk', 'Truck', '153', '2022/09/23 10:17.000');
INSERT INTO order_info (order_id, factory_name, buyer_id, product_name, trans_mode, quantity, order_time) VALUES ('94788157', 'Douglas, Hoppe and Stark', '97-594-3740', 'Chocolate_Vanilla', 'Truck', '3', '2022/03/20 12:10.000');
INSERT INTO order_info (order_id, factory_name, buyer_id, product_name, trans_mode, quantity, order_time) VALUES ('74648377', 'Luettgen, Cremin and Bahringer', '07-455-6634', 'Chocolate_Almond', 'Train', '45', '2021/11/19 11:25.000');
INSERT INTO order_info (order_id, factory_name, buyer_id, product_name, trans_mode, quantity, order_time) VALUES ('74787417', 'Howell Group', '05-531-1158', 'Chocolate_Vanilla', 'Truck', '13', '2021/12/04 16:28.000');
INSERT INTO order_info (order_id, factory_name, buyer_id, product_name, trans_mode, quantity, order_time) VALUES ('81785882', 'Dibbert, Mitchell and Dooley', '30-000-1093', 'Chocolate_Almond', 'Plane', '184', '2021/12/15 07:12.000');
INSERT INTO order_info (order_id, factory_name, buyer_id, product_name, trans_mode, quantity, order_time) VALUES ('42052254', 'Howell Group', '57-347-6202', 'Chocolate_Spread', 'Truck', '78', '2022/10/10 11:05.000');
INSERT INTO order_info (order_id, factory_name, buyer_id, product_name, trans_mode, quantity, order_time) VALUES ('89044072', 'Luettgen, Cremin and Bahringer', '30-000-1093', 'Chocolate_Dark', 'Truck', '196', '2022/02/20 01:07.000');
INSERT INTO order_info (order_id, factory_name, buyer_id, product_name, trans_mode, quantity, order_time) VALUES ('47063489', 'Dibbert, Mitchell and Dooley', '05-531-1158', 'Chocolate_Cinnamon', 'Train', '169', '2022/09/04 05:06.000');
INSERT INTO order_info (order_id, factory_name, buyer_id, product_name, trans_mode, quantity, order_time) VALUES ('83152612', 'Greenfelder LLC', '57-347-6202', 'Chocolate_Strawberry', 'Truck', '107', '2021/10/14 04:53.000');
INSERT INTO order_info (order_id, factory_name, buyer_id, product_name, trans_mode, quantity, order_time) VALUES ('09380177', 'Douglas, Hoppe and Stark', '05-531-1158', 'Chocolate_Cake', 'Truck', '12', '2022/03/18 14:55.000');
INSERT INTO order_info (order_id, factory_name, buyer_id, product_name, trans_mode, quantity, order_time) VALUES ('51531784', 'Luettgen, Cremin and Bahringer', '54-411-1467', 'Chocolate_White', 'Truck', '155', '2022/04/23 11:24.000');
INSERT INTO order_info (order_id, factory_name, buyer_id, product_name, trans_mode, quantity, order_time) VALUES ('93523771', 'Kling Inc', '88-043-5868', 'Chocolate_Cake', 'Ship', '47', '2021/11/03 00:01.000');
INSERT INTO order_info (order_id, factory_name, buyer_id, product_name, trans_mode, quantity, order_time) VALUES ('59026375', 'Howell Group', '10-491-2446', 'Chocolate_Strawberry', 'Ship', '6', '2022/07/21 16:07.000');
INSERT INTO order_info (order_id, factory_name, buyer_id, product_name, trans_mode, quantity, order_time) VALUES ('83902885', 'Howell Group', '97-594-3740', 'Chocolate_Almond', 'Train', '101', '2022/02/16 22:31.000');
INSERT INTO order_info (order_id, factory_name, buyer_id, product_name, trans_mode, quantity, order_time) VALUES ('66391245', 'Greenfelder LLC', '54-411-1467', 'Chocolate_Spread', 'Truck', '58', '2021/10/20 20:41.000');
INSERT INTO order_info (order_id, factory_name, buyer_id, product_name, trans_mode, quantity, order_time) VALUES ('36755506', 'Dibbert, Mitchell and Dooley', '54-411-1467', 'Chocolate_Dark', 'Train', '107', '2021/10/05 20:57.000');
INSERT INTO order_info (order_id, factory_name, buyer_id, product_name, trans_mode, quantity, order_time) VALUES ('69094116', 'Kuhic-Ullrich', '54-411-1467', 'Chocolate_Strawberry', 'Train', '172', '2021/10/26 06:44.000');
INSERT INTO order_info (order_id, factory_name, buyer_id, product_name, trans_mode, quantity, order_time) VALUES ('95915225', 'Kling Inc', '77-639-8358', 'Chocolate_White', 'Truck', '42', '2022/07/29 21:29.000');
INSERT INTO order_info (order_id, factory_name, buyer_id, product_name, trans_mode, quantity, order_time) VALUES ('08806813', 'Glover LLC', '05-531-1158', 'Chocolate_White', 'Plane', '109', '2021/10/04 16:47.000');
INSERT INTO order_info (order_id, factory_name, buyer_id, product_name, trans_mode, quantity, order_time) VALUES ('63437400', 'Glover LLC', '88-043-5868', 'Chocolate_Cake', 'Ship', '193', '2022/05/14 06:28.000');
INSERT INTO order_info (order_id, factory_name, buyer_id, product_name, trans_mode, quantity, order_time) VALUES ('28626233', 'Kuhic-Ullrich', '54-411-1467', 'Chocolate_Cinnamon', 'Plane', '75', '2022/05/31 14:32.000');
INSERT INTO order_info (order_id, factory_name, buyer_id, product_name, trans_mode, quantity, order_time) VALUES ('78590900', 'Luettgen, Cremin and Bahringer', '88-043-5868', 'Chocolate_Cinnamon', 'Truck', '141', '2022/03/13 23:27.000');
INSERT INTO order_info (order_id, factory_name, buyer_id, product_name, trans_mode, quantity, order_time) VALUES ('11080147', 'Kuhic-Ullrich', '57-347-6202', 'Chocolate_Vanilla', 'Ship', '26', '2022/10/04 01:24.000');
INSERT INTO order_info (order_id, factory_name, buyer_id, product_name, trans_mode, quantity, order_time) VALUES ('16937050', 'Rippin, Strosin and Champlin', '77-639-8358', 'Chocolate_Cinnamon', 'Ship', '104', '2022/07/23 11:28.000');
INSERT INTO order_info (order_id, factory_name, buyer_id, product_name, trans_mode, quantity, order_time) VALUES ('38608896', 'Kuhic-Ullrich', '07-455-6634', 'Chocolate_Spread', 'Ship', '167', '2022/05/27 01:31.000');
INSERT INTO order_info (order_id, factory_name, buyer_id, product_name, trans_mode, quantity, order_time) VALUES ('88263458', 'Howell Group', '57-347-6202', 'Chocolate_Spread', 'Plane', '190', '2022/10/05 01:09.000');
INSERT INTO order_info (order_id, factory_name, buyer_id, product_name, trans_mode, quantity, order_time) VALUES ('02180510', 'Douglas, Hoppe and Stark', '57-347-6202', 'Chocolate_Cake', 'Train', '108', '2021/11/17 05:16.000');
INSERT INTO order_info (order_id, factory_name, buyer_id, product_name, trans_mode, quantity, order_time) VALUES ('97136616', 'Dibbert, Mitchell and Dooley', '57-347-6202', 'Chocolate_Spread', 'Ship', '106', '2022/09/27 09:19.000');
INSERT INTO order_info (order_id, factory_name, buyer_id, product_name, trans_mode, quantity, order_time) VALUES ('38456332', 'Kuhic-Ullrich', '77-639-8358', 'Chocolate_Almond', 'Ship', '83', '2022/01/31 00:32.000');
INSERT INTO order_info (order_id, factory_name, buyer_id, product_name, trans_mode, quantity, order_time) VALUES ('83897933', 'Glover LLC', '88-043-5868', 'Chocolate_Vanilla', 'Ship', '194', '2022/03/15 09:14.000');
INSERT INTO order_info (order_id, factory_name, buyer_id, product_name, trans_mode, quantity, order_time) VALUES ('10897995', 'Dibbert, Mitchell and Dooley', '59-044-7580', 'Chocolate_Strawberry', 'Train', '123', '2022/02/28 14:06.000');
INSERT INTO order_info (order_id, factory_name, buyer_id, product_name, trans_mode, quantity, order_time) VALUES ('47948924', 'Rippin, Strosin and Champlin', '30-000-1093', 'Chocolate_Vanilla', 'Train', '135', '2022/03/05 13:23.000');
INSERT INTO order_info (order_id, factory_name, buyer_id, product_name, trans_mode, quantity, order_time) VALUES ('58358140', 'Kuhic-Ullrich', '30-000-1093', 'Chocolate_Almond', 'Plane', '18', '2022/03/20 16:55.000');
INSERT INTO order_info (order_id, factory_name, buyer_id, product_name, trans_mode, quantity, order_time) VALUES ('74585435', 'Greenfelder LLC', '97-594-3740', 'Chocolate_Spread', 'Truck', '133', '2022/02/21 09:30.000');
INSERT INTO order_info (order_id, factory_name, buyer_id, product_name, trans_mode, quantity, order_time) VALUES ('90615909', 'Kling Inc', '30-000-1093', 'Chocolate_Milk', 'Plane', '143', '2022/10/29 20:02.000');
INSERT INTO order_info (order_id, factory_name, buyer_id, product_name, trans_mode, quantity, order_time) VALUES ('56234440', 'Kuhic-Ullrich', '88-043-5868', 'Chocolate_White', 'Ship', '147', '2022/02/26 08:00.000');
INSERT INTO order_info (order_id, factory_name, buyer_id, product_name, trans_mode, quantity, order_time) VALUES ('32239811', 'Weissnat, Bernhard and Kuhlman', '30-000-1093', 'Chocolate_Milk', 'Train', '155', '2022/01/08 00:02.000');
INSERT INTO order_info (order_id, factory_name, buyer_id, product_name, trans_mode, quantity, order_time) VALUES ('69869020', 'Kuhic-Ullrich', '59-044-7580', 'Chocolate_Spread', 'Train', '113', '2022/06/16 03:42.000');
INSERT INTO order_info (order_id, factory_name, buyer_id, product_name, trans_mode, quantity, order_time) VALUES ('44418841', 'Greenfelder LLC', '30-000-1093', 'Chocolate_Cake', 'Plane', '179', '2022/01/09 22:56.000');
INSERT INTO order_info (order_id, factory_name, buyer_id, product_name, trans_mode, quantity, order_time) VALUES ('22232829', 'Glover LLC', '54-411-1467', 'Chocolate_Spread', 'Plane', '11', '2022/06/19 19:02.000');
INSERT INTO order_info (order_id, factory_name, buyer_id, product_name, trans_mode, quantity, order_time) VALUES ('87884939', 'Douglas, Hoppe and Stark', '07-455-6634', 'Chocolate_Cinnamon', 'Train', '47', '2022/08/08 06:08.000');
INSERT INTO order_info (order_id, factory_name, buyer_id, product_name, trans_mode, quantity, order_time) VALUES ('55890010', 'Luettgen, Cremin and Bahringer', '05-531-1158', 'Chocolate_Milk', 'Truck', '97', '2022/03/12 10:32.000');
INSERT INTO order_info (order_id, factory_name, buyer_id, product_name, trans_mode, quantity, order_time) VALUES ('18875330', 'Greenfelder LLC', '59-044-7580', 'Chocolate_Almond', 'Truck', '126', '2022/09/18 15:41.000');
INSERT INTO order_info (order_id, factory_name, buyer_id, product_name, trans_mode, quantity, order_time) VALUES ('46328519', 'Weissnat, Bernhard and Kuhlman', '10-491-2446', 'Chocolate_Cinnamon', 'Train', '148', '2021/10/25 16:11.000');
INSERT INTO order_info (order_id, factory_name, buyer_id, product_name, trans_mode, quantity, order_time) VALUES ('24806102', 'Weissnat, Bernhard and Kuhlman', '30-000-1093', 'Chocolate_Milk', 'Plane', '180', '2022/02/05 10:59.000');
INSERT INTO order_info (order_id, factory_name, buyer_id, product_name, trans_mode, quantity, order_time) VALUES ('60826408', 'Kling Inc', '10-491-2446', 'Chocolate_Vanilla', 'Train', '4', '2022/05/12 03:54.000');
INSERT INTO order_info (order_id, factory_name, buyer_id, product_name, trans_mode, quantity, order_time) VALUES ('84914855', 'Glover LLC', '54-411-1467', 'Chocolate_Cinnamon', 'Ship', '124', '2022/08/08 21:43.000');
